txt,idx,index
"★ 신체에 관한 꿈

○ 입안에서 벌레가 나오는 것은 근심걱정이 해소되고 사라지는 꿈입니다. 많은 수의 벌레들이 입밖으로 나가는것은 좋은 징조입니다. 

○ 입에서 피가 토해져 나오는꿈은 좋은 꿈입니다. 계약과 관련된 일이 생기기 쉬우며 재물과 돈이 생기게됩니다. 

○ 입이 벌어지지않아 음식을 못 먹는 꿈은 대단히 흉합니다. 특히, 사람간의 구설수에 휩싸일수가 있습니다.

○ 입안에 터럭이 생긴다면 재수가 있고 복록을 누리게됩니다.

○ 입과 관계되어 큰 입을 벌리는것은 재물을 얻는꿈이며, 입이 상하는 꿈은 큰 화를 입습니다.

○ 입을 벌리수없어 음식을 못 먹는꿈은 급병을 얻는 징조입니다.

○ 부녀자가 입을 벌릴수 없는꿈을 꾼다면 구설수가 생깁니다.

○ 본인의 혀가 잘리는 꿈은 주위 사람들에게 신용을 잃게 될 좋지못한 징조이다.

○ 자기 혀가 반쪽으로 갈라지는 꿈은 직장이나 조직/ 단체에서 자신의 입지가 영향력을 잃게되고 실권을 잃게될 징조입니다.

○ 다른 사람이 혀를 내밀거나 혀가 갈라진 것을 보는것은 남이 거짓말을 하여 속게 되는 암시입니다. 사기를 당할수도 있으니 조심해야 합니다.

○ 혀를 두 개 가지고 있는 사람을 보는것은 거짓말에 능숙한 사람과 가까이 지내게 될 징조입니다. 조심해야 할것입니다.

○ 혓바닥에 터럭이 나는꿈을 군다면 직장과 관계된 일로 길하게 됩니다.

○ 입 안이나 혀에 털이 길게 자라거나 생겨 있는 꿈은 집안에 경사가 생기거나 부유해질 징조입니다.

○ 머리가 어지럽고 아프면 관직에 있는 사람은 승진, 승급을 하여 좋을것이며 보통의 사람에게는 모든 일에 발전이 따릅니다. 다시말해 일이 순조롭게 진행되는것입입니다.

○ 머리에 뿔이 나는 꿈을 꾼다면 다른 이와 싸움을 하게됩니다.

○ 머리카락이 점어지는 꿈을 꾸게되면 부귀를 얻게됩니다.

○ 머리카락이 하얏게 백발이 된 꿈을 꾼다면 장수할 징조이며 크게 길한 꿈입니다.

○ 머리카락이 빠지는 꿈은 크게 흉한꿈이니, 되는일이 없다 할것입니다.

○ 세수를 하고 머리를 감는다면 일만가지 근심이 사라지게 됩니다.

○ 머리카락을 자르거나 베어 버린다면 집안에 근심이 생깁니다.
 
○ 수염을 뽑는다면 일가친지와 멀어지는것이고, 길게 기른다면 부자가 될것입니다.

○ 수염이 빠지는 것은 근심,걱정거리가 생겨서 고생하게 될 징조입니다.

○ 수염을 기르거나 없던 수염이 생기는 것은, 생활이 점점 나아지고 주위 환경이 호전되어 재산이 늘고 명예가 따를 징조입니다.

○ 누군가가 내 수염을 뽑는것은 금전적 손실이 발생하거나 근심 걱정이 생기게 됩니다.

○ 수염이 길고 백발이 성성한 노인을 만나는 것은 사회적으로 존경 받으며 인격이 높은사람 혹은 학자를 만나게 되 도움을 얻습니다.

○ 얼굴에 검은 사마귀가 생긴다면 모든 일이 안풀리는 흉한 징조입니다.

○ 이빨이 돋아 난다면 장수할 징조입니다.

○ 어린아이의 이빨이 새로 나는 것은 소원이 성취되거나 그 동안 부족했던 것이 채워지게 됩니다.

○ 이빨이 빠지지는 않고 흔들리는것은 가족 중에서 병에 걸리거나 불안한 상태를 당하게 될 징조입니다. 조심해야합니다.

○ 이가 빠지면 인척이 큰 화를 당합니다. 웃니는 아버지쪽, 아랫니는 어머니쪽, 웃니는 남자이며, 아랫니는 여자쪽으로 큰화를 당합니다. 사망에까지 이를수 있습니다.
 
○ 어금니가 빠졌는데 피가 안나오는 꿈은 부모가 상을 당합니다.

○ 앓던 이빨이 빠지는 것은 병중에 있던 환자가 사망하거나 자기가 부리던 직원이 사표를 내고 퇴사하게 됩니다.

○ 이빨이 하나도 남김없이 빠져버린 것은 흉몽입니다. 자신이 하고 있는 일 전체에 큰 변화가 생깁니다.

○ 이빨이 검고 누렇게 변하는 것은 재앙이 일어날 징후입니다. 집안이나 직장 등에서 좋지 않은 일이 발생하게 됩니다.

○ 자기도 모르는 사이에 이빨이 빠져있는 것은, 평소 존경하던 윗 사람이 죽게 되거나 좋지 않은 소식을 듣게 됩니다.

○ 몸에 날개가 돋아 날아다니는 꿈은 매우 길하며 만사가 형통됩니다.

○ 몸에 흙이 나 보이면 재수가 대통합니다.

○ 몸에 땀이 맺혀있으면 흉한 꿈이니, 매사에 조심해야합니다.

○ 몸이 비대하게 커진꿈은 불길한 징조입니다.

○ 몸이 파리해진 꿈은 길몽이지만 다소 고생이 따르게 됨을 알리는 징조입니다.

○ 옷을입지않고 벌거벗은 꿈은 재수가 있고, 만사가 형통합니다.

○ 몸에서 빛이나면 병이 위증해질 징조이나, 그 빛이 황금빛이라면 매우 좋은 길조입니다.

○ 온 몸에 피고름이 흐르면 재수가 좋습니다.

○ 손가락이 꺽인꿈은 손아래 자손에게 불리함이 생기는 징조입니다.

○ 다리에서 피가 흐르는 꿈은 부귀할 징조입니다.

○ 다리를 다치고 피가 흐르는 것은 사업이 발전하고 돈이 들어오며, 안정과 성공하는 보람을 누리게 됩니다.

○ 넙적다리를 부상입거나 다치는 꿈은 타향에서 병이나 고통을 받지만 반드시 후에 완괘됩니다. 만일 미혼자이면 멀리 시집을 갈것이며, 기혼자이면 가족에 우환이 생기니 각별히 조심해야 합니다.

○ 넙적다리가 아름다워 보이면 먼 여행을 떠날 징조입니다.

○ 무릅이 부상을 당하면 영업이 부진할 징조이며 걸음을 걷지 못한다면 실업할 징조입니다.

○ 발이 부었거나, 삐어보이는 꿈은 고용인이나, 친구에게서 피해를 입게됩니다.

○ 발걸음이 가볍고 쏜살같이 가는 꿈은 운수가 열리는 징조입니다.

○ 발걸음이 무겁고 피로한 꿈은 병을 얻는징조입니다.

○ 코가 높아보이는 꿈은 흉하고 구설에 휘말리게 됩니다.

○ 코가 썩어 떨어지는 꿈은 지금 거주하는 곳이 흉하게되는 징조입니다.

○ 코가 평소보다 길게 보이는 꿈은 부귀할 징조입니다.

○ 코가 두개로 보이는 꿈은 남과의 다툼이 일어나게 됩니다.

○ 코가 커보이면 남의 시기와 미움을 받게됩니다.

○ 코를 다친 꿈은 남에게 사기를 당하거나, 명예가 떨어지는 징조입니다.

○ 몸에 종기가 생기는 꿈은 첩이나, 양자때문에 구설이 생기는 것이며 나쁜것이나, 그 종기가 터지는 꿈이라면 재수가 있고 길하게 됩니다.

○ 코피가 나는 꿈은 재수가 잇는 징조입니다.

○ 눈이 머는 꿈은 자손에게 흉하며, 눈이 진무르면 재수가 없게됩니다.

○ 눈이 어두어 먼곳을 보지못하면 실망을 얻을 징조입니다.

○ 눈에서 광채가나고 먼곳을 보는꿈은 사업이 잘되며, 이득이 생깁니다.

○ 흰 눈섭이 나는꿈은 남의 우두머리가 될 좋은 징조입니다.

○ 눈섭이 빠지는 꿈은 좋지 않으며 병을 얻게 됩니다.

○ 눈섭이 길어보이는 꿈은 연애에 성공하고 부귀를 얻습니다. 

○ 부녀자가 꿈에 눈섭을 깍으면 이삿수가 생깁니다.

○ 이마가 커보이는 꿈은 부귀할것이며, 반대로 이마가 상하면 근심이 생깁니다.

○ 귀먹고 안들리는 꿈은 신상이 편온해지는 꿈입니다.

○ 귀가 점점 커지거나 여러 개 생기는 것은, 도움을 받을 조력자와 친해지거나 도움을 주는 선한 사람을 만나게 될 징조입니다.

○ 귀가 여러개 나 있는 꿈은 좋은 벗을 얻으며, 충복을 얻게됩니다.

○ 귀를 씻는 꿈도 친구와 충복을 얻습니다.

○ 귀지를 파 내며 청소하는 꿈은 아주 더디게 진행되던 일이 순조롭게 이루어 질 징조입니다.

○ 귀에 쌀과 보리등 곡식이 들어간것은 재수가 좋습니다.

○ 몸에 당나귀의 귀가 생긴다면 남의 하인이 되는 꿈입니다.

○ 귀의 모양이 사자같은 맹수나 들짐승의 귀가되어 몸에 생기면 반드시 모략에 걸리니, 경계해야 합니다.

○ 귀의 형상이 크고 아름다우면 지위가 올라가고 부자가 됩니다.

○ 다른 사람의 복스럽게 생긴 귀를 보는 꿈은 나를 도와줄 부자나 세력가를 만나는 등 운이 호전될 조짐입니다.

○ 귀가 상하는 꿈은 아랫사람에게 배신을 당하는 징조입니다.

○ 귓부리가 다치는 꿈은 친척간에 불화가 생기는 꿈입니다.

○ 귀에 물건이 들어간 꿈은 유혹을 당해 해를 입거나, 남의 충고를 무시해 피해를 입을 징조입니다.

○ 불구자나 신체장애인 혹은 병신을 보면 고생할 일이 생깁니다.

○ 자신이 불구자가 되는 꿈은 길하지만 세상을 도피하는 일이 생깁니다.

○ 인형을 보면 크게 흉하게 되며 큰 화를 당할 징조입니다.

○ 인형을 가지고 노는것은 사람간의 교류가 줄어들고 외로어질수있는 암시입니다. 여성의 경우 임신할 가능성이 높다는 것을 의미하기도 합니다.

○ 인형이 말을 하는 꿈은 사업이나 직장에서 잘못된 점이 발견되 일의 진척이 늦어지며, 재검토할 일이 발생합니다.

○ 목이 길어지는 꿈은 운수가 좋아지는 징조이며, 반대로 짧아지는 꿈은 운이 쇠약해집니다.

○ 목이 졸려지는 꿈은 장차 재난이 다가옴을 암시하는것입니다.

○ 목 하나에 머리가 셋이 달리는 꿈은 출세 영달할 좋은 길조이다.

○ 강도에게 목이졸려 기절하는 꿈은 가족에게 불행이 있고 만약 부인의 꿈이면 귀금품을 도난 당하게 됩니다.

○ 목 윗부분을 치장하고 장식하면 사업이 번창합니다.

○ 빰이 커지거나 얼굴의 낮 빛이 붉은 것은 애정문제가 잘 풀립니다.

○ 어깨가 살찌고 커보이면 운수가 좋아집니다.

○ 젖이 크고 아름다워 보이면 건강과 행복이 찾아옵니다.

○ 유방에서 젖이 흘러나와 옷이 젖는것은, 기혼자가 이 굼을 꾸면 조만간 임신하게 되며 미혼 여성이 이 꿈을 꾸면 머지않아 결혼하게 됩니다.

○ 유방에 털이나는 꿈은 남자에게는 재수가 있고 여자에게는 흉함이 생깁니다.

○ 유방이 풍만한 꿈은 유뷰녀는 임신의 징조이며, 처녀에게는 혼인을 알리는 것이며 노부인이라면 운이 트이는 징조입니다.

○ 부인이 여러개의 유방을 가지고 있으면 정조에 파탄이 생기거나, 다른이의 자식을 키우게되는 암시입니다.

○ 유방이 피나, 진물로 덮여있으면 출산이 절망되는 흉한 징조입니다.

○ 팔이 커지고 늠름해진 꿈은 형재와 자손에게 재수가 있습니다. 부인이꾸면 남편이 재수가 좋아지고, 병자가 꿈을 꾸면 완치될 징조입니다.

○ 팔에 여러개의 종기가 생기면 고생할 징조이며 사업이 안풀립니다.

○ 꿈에 팔이 부러진다면 정치가는 은퇴할것이며, 일반인은 근친에 병이 들것이며 부인이라면 남편과 멀어지는 흉조입니다.

○ 팔에 털이 많이 난 꿈은 재수가 있습니다.

○ 오른팔이 부러지면 남자쪽 근친이 병이나고 불행해지며, 왼팔이라면 모친의 자매가 화를 입습니다.

○ 양팔이 부러지면 큰병이 생기거나, 옥살이를 하게됩니다.

○ 손이나 팔이 아름답고 늠름해보이면 사업이 번창하고 재물이 모이며, 사람들으 존경을 받게됩니다.

○ 손이 작아보이는 꿈은 고용인이나, 윗사람에게 속임을 당하게 됩니다.

○ 손이 절단되거나 움직여지지 않거나 화상을 입는 꿈은 가정이 깨지고 가난해집니다. 부인이 꿈을 꾼다면 소원하는 일이 이뤄지지 않으며 마음만 애가 타게됩니다.

○ 손가락이 절단되는 꿈은 친구를 잃고 벗과 헤어지는 징조입니다. 

○ 꿈에 손가락이 여러개 나는 꿈을 꾸면 친구를 사귀며 도움을 받는 좋은 징조입니다.

○ 손등과 손바닥에 털이 많이 난 꿈은 걱정되는 일이 생길 징조입니다.

○ 손등이나, 손바닥에 불이 올려져도 뜨겁지 않거나 상하지 않는다면 난관을 극복하여 성공합니다.

○ 손톱이 길어지는 꿈은 재수가 있을 길몽입니다. 반대로 손톱이 짧아진다면 손해를 보고 걱정이 생깁니다.

○ 손톱이 짧아져 거의 없어진 꿈은 생활이 크게 어려워질 징조입니다.

○ 손톱을 예쁘게 다듬는 꿈은 근심과 환란이 해소되고 원하는 일이 생각대로 잘 이루어질 조짐입니다.

○ 손톱을 자르면 집안이 불화하고 손톱을 까 보이면 디칠 징조입니다.","1",1
"★ 부부지간의 꿈

○ 부부가 모여서 이야기 하는 꿈은 이별이 있을 징조이니, 주의해야 합니다.

○ 부부가 서로 욕하며 싸우는 꿈은 병이 날 징조입니다.

○ 부부가 함께 목욕을 하는 꿈은 가정이 화목해지고 재산과 명예가 늘어 나는 등 기쁜 일이 생깁니다.

○ 부부가 함께 잠자리에 누워 있는 꿈은 집안이 단란하고 가족이 합심하여 재물이 늘고 즐거움이 가득하게 됩니다.

○ 부부가 함께 나들이나 여행을 하는 꿈은 재물의 손실이나 피해가 발생하여 어려움에 처할 징조입니다.

○ 부부가 함께 연회에 참석하여 음식을 먹는 꿈은 가정에 풍파, 사고, 손재 등이 발생하게 됩니다. 가족의 이별이나 분산 등의 액화를 당할 나쁜 꿈입니다.

○ 부부가 큰 소리로 대화를 나누는 꿈은 부부가 서로 다투며 이별하게 될 것을 암시합니다. 

○ 부부간에 성교를 하는 꿈은 사업과 집안 모두 편안하고 생각대로 이루어져서 일신이 안정될 길몽입니다.

○ 고향에 있는 부모 또는 돌아가신 부모를 자주 꿈에 보면 병을 앓거나 구설수가 있습니다.

○ 가족이 한방에 모여있는꿈은 친척과 불화가 생길 징조입니다.

○ 형제가 이별을 하면 구설이 생기고 논쟁이 생기는 꿈입니다.

○ 부모형제가 모여 연회하는 꿈은 매사가 잘되고 먼 곳에서 좋은 소식이 있습니다. 

○ 부인과 같이 동행을 떠나면 재물을 잃을 징조입니다.

○ 남의 부인을 품은 꿈은 경사가 있습니다.

○ 부인과 같이 않아있는 꿈은 길몽입니다.

○ 자신의 부인이 다른 사람에게 시집가는 꿈은 처가 죽거나, 병이듭니다.

○ 처자가 서로 모여 울고있는 꿈은 고생하거나 가난해질 징조입니다.

○ 꿈에 아이밴 여자를 보면 만사가 뜻대로 됩니다.

○ 임산부가 아닌 부인이 아이를 낳으면 만사가 뜻대로 되는 길몽입니다.

○ 부인이 남자가 되는 꿈은 길몽입니다.

○ 남편이 둘로 되어 보이는꿈은 남편에게 두 마음이 있을 징조입니다.

○ 사내아이를 낳는 꿈은 병중이라면 완쾌가 되고 길몽입니다.

○ 꿈에 어린아이를 낳는 부인을 보면 경사가 있고 길몽입니다.

○ 아내가 임신중일때, 아내가 임신한 꿈을 꾸면 아이가 아버지를 닮으며 또한 잘 자라게 됩니다.

○ 남자와 아내가 같이 물속에 들어가는 꿈은 대길하며 만사 형통됩니다.

○ 남녀가 관계하며 연회를 배푸는 꿈은 혼담이 이뤄지며 만사가 좋아진다.

○ 혼인잔치에 빈 술잔이 낭자하니 뒹굴면 근심이 생긴다.

○ 자식이 죽는 꿈은 구설이 없어져서 길몽입니다.

○ 어린 계집아이를 안아주면 구설이 많이 생깁니다.  

○ 여자가 저녁화장을 하면 모든 일이 순조롭습니다.

○ 사위를 맞이하는 꿈은 길몽이나, 내가 남의 사위가 되는 꿈은 흉몽입니다.

○ 중매장이가 된 꿈은 구설과 논쟁에 휩싸입니다.

○ 양자나 출가하거나 데릴사위가 되는 꿈은 근심이 생기고 멋 곳의 벗이 근심을 가져다 줄 징조입니다.

○ 미인에게 장가드는 꿈은 경사가 있습니다.

○ 여자가 미남자에게 혼인을 가는 꿈은 경사와 기쁨이 있을 징조입니다

○ 부인이 몹시 검은 사람과 결혼을 하는 꿈은 재물과 명예를 얻습니다.

○ 남자가 흙색 부인과 결혼하는꿈은 병을 얻습니다.

○ 신부가 웃는 얼굴을 하는 꿈은 친한 벗이 찾아옵니다.

○ 얼굴이 말라빠지고 주금깨가 많은 부인과 결혼하는 꿈은 빈곤해질 징조입니다.","2",2
"★ 해, 달, 날씨, 천문의 꿈

○ 하늘과 땅이 합치는 꿈은 만사형통에 뜻한 바가 이뤄집니다.

○ 하늘의 천사가 나를 부르는 꿈은 길몽입니다.

○ 천사와 이야기를 나누는 꿈은 부귀를 얻습니다.

○ 하늘이 크게 열리는 꿈은 구설이 생기고 일이 뜻되로 안됩니다.

○ 하늘에서 구름이 겉히고 빛이 생기는 것을 보는것은, 큰 깨달음을 얻게 되며, 종교적인 사상이나 작품을 접하여 느끼게 됩니다.

○ 하늘로 올라가서 물건을 가져오는 꿈은 고관대작이 될 징조입니다.

○ 하늘로 날아 올르는 꿈은 장차 부귀하게 될 징조입니다.

○ 하늘의 밝은 빛이 내 몸을 비추는 꿈은, 남자라면 지위가 상승할 조짐이고, 여자는 귀한 자식을 얻게 될 조짐입니다.

○ 날개가 돋아 하늘을 나르는 꿈은 좋은 관직을 얻습니다.

○ 하늘이 붉어 보이면 길하게되면, 검어보이면 흉하게될 징조입니다.

○ 하늘에서 광채가 비취며 온 몸을 감싸주면 재앙이 없어지고 환자는 쾌차합니다.

○ 하늘이 점차 새벽이 되어 밝아오는 꿈은 장수할 징조입니다.

○ 하늘이 무너지는 꿈은 부모가 병으로 고생하거나 부모상을 당하기 쉽습니다.

○ 맑은 하늘밤 은하수에 씻는 꿈은 태평한 세상에서 좋은 일이 생길 길몽입니다.

○ 하늘이나 지붕위에 올라가는 꿈은 부귀할 징조입니다.

○ 하늘에 올랐다가 내려오는 꿈은 흉몽이며, 하늘에서 불시에 떨어지면 불시에 재난을 당할 징조입니다.

○ 높은 산에서 떨어지거나 허공 위에서 왔다갔다 하는꿈은 마음이 혼란스럽고 손해를 입을 징조입니다.

○ 하늘에 있는 은하수를 건너는 꿈은 모든일이 뜻대로 되는 길몽입니다.

○ 우물안에서 하늘을 올려보는 꿈은 빈곤해질 징조입니다.

○ 하늘의 해가 광채가나며 구름 한점없이 하늘이 맑아 보이면 만사형통에 사람들의 존경을 받게됩니다. 

○ 해나 달이 이즈러져 보이면 반드시 투쟁하는 일이 생깁니다.

○ 해나 달을 삼키면 귀한 사내자식을 낳을 길한 태몽입니다.

○ 해나 달이 불에 타는 것은, 장차 세력자의 후원이나 도움 또는 귀한 사람의 도움을 얻어 성공하게됩니다.

○ 일월이 서로 엇갈려서 보이게 된다면 부인이 아닌 첩이 잉태하거나 난산할 징조입니다.

○ 일월이 한번에 보이는 꿈은 밑에있는 사람이나, 하인이 주인을 속일 징조입니다.

○ 일월이 몸에 비취면 관직에 오르게 됩니다.

○ 일월을 가슴에 안아 보거나 짊어지는 꿈은 왕후 장상이 될 길몽입니다.

○ 일월을 향해 절을 하는 꿈은 만사형통입니다.

○ 보름달을 보는것은 가정생활이 풍족해지고 근심걱정이 모두 사라지면서 행복해질 것입니다.

○ 달이 자신의 품에 떨어지는 꿈은 귀한 여자아이를 낳을 길한 태몽입니다.

○ 달이 산위에 떠오르는것을 보면, 예술가나 디자이너 등의 유행과 관계되는 업종에 종사하는 사람은 널리 이름을 날리게 됩니다.

○ 달빛이 자신의 몸을 비추는 것은 자녀로 인해 행복을 누리게 되거나, 독신 여성은 남성의 협조를 얻어 안정을 누리게 될 징조입니다.

○ 밝은 달이 하늘에 걸린 꿈은 남녀가 다 좋으나, 부녀자는 남편에게 복종해야하며, 그렇지 않으면 싸움이 생깁니다.

○ 달의 그림자가 물위에 드리워진 꿈은 만사가 마음대로 되지 않고 혼담이 있다면 깨지게 됩니다.

○ 달이 산마루로 지는 꿈은 매우 흉합니다. 부모나 배우자의 죽음, 혹은 가까운 지인의 죽음을 암시하는 꿈입니다. 

○ 아침 해가 떠오르는 꿈은 자손이 번창할 징조이며 만사 형통합니다.

○ 저녁해가 서산에 걸린 꿈은 소송이 생기고 임산부라면 여자아이를 낳습니다.

○ 햇빛이 침실에 조명하면 재수가 있으며 임산부가 이 꿈을 꾼다면 귀한 사내아이를 낳게되면 커서 장차 입신양명을 하게됩니다.

○ 오랫동안 내리던 비가 그치면 백가지 근심이 없어집니다.

○ 날씨가 청명하고 개인것을 꿈꾸면 임산부는 사내아이를 낳고 보통사람은 운수가 좋아집니다.

○ 해가 중천에 올라와 걸린 꿈을 꾼다면 운수가 좋아지고 환자는 병이 낫습니다.

○ 해가 품안에 들어오면 반드시 출새하는 귀한 아들을 낳게될 길몽입니다.

○ 해가 떠올라 광채가 휘황해보인다면 재색을 겸비한 아내를 맞이하게 됩니다.

○ 덮인 구름이 열리고 햇빛이 나는 꿈은 모든 일이 잘되가는 것을 암시합니다.

○ 구름이 햇빛을 가리면 구설수가 생깁니다.

○ 활을 쏘아 달을 맞추는 꿈은 전쟁의 꿈이니, 싸움에 반드시 이기고 공격하면 점령하게 됩니다.

○ 별이 떨어지는 꿈은 병을 얻거나, 소송에 휩싸이게 됩니다.

○ 별과 달이 맑은 하늘에 휘황해 보이면 길몽이라 만사가 형통해지나, 부녀자라면 남편이나 친척사이에서 조금은 조심해야할 필요가 있습니다.

○ 별이 날아가는 꿈은 색정사건으로 도망치거나 정사하는 일이 생깁니다.

○ 별이 떨어지며 사방에 흩어지는 꿈은 매우 흉하며 각별히 조심해야 합니다.

○ 별이 흘러가나, 떨어지지 않는다면 관직이 옮겨지거나, 이삿수가 생깁니다.

○ 별이 점점 커져서 태양처럼 커지는 꿈은 조그만 사업이 차차 커져서 번창하고, 낮은 지위가 자꾸 높아지며 부귀를 누리게 됩니다.

○ 유난히 반짝이는 별을 발견하는 꿈은 자신이 속한 조직에서 지도자가 되거나, 하는 업무에서 매우 좋은 성과를 거두게됩니다.

○ 밤하늘에 많은 별이 빛나는 꿈은 매사 추진하는 일마다 모두 잘 풀리고 주위 사람들에게 인정을 받게 됩니다.

○ 북두칠성이 흐려 보이면 근심할 일이 생깁니다.

○ 길을 걷다가 북두칠성을 보며 그 아래에 서면 출세할 징조입니다.

○ 하늘에 올라가 별을 따서 소유하는 꿈은 사업이 번창하거나 출세하여 부귀영화를 누리면서 살게 될 것입니다.

○ 하늘에서 유성이 흐르며 떨어지지 않는 꿈은 이사를 하거나 직장을 옮기는 변동수가 있게 됩니다.

○ 바람에 강하게 불어와 옷이 젓혀지면 병을 얻게 됩니다.

○ 폭풍이 마구부는 꿈은 돌림병에 걸리거나 매사가 마음대로 되지 않습니다. 그러나 급히 서둘르면 지금하는 일이 성공할수도 있으니 빨리 행동을 해야합니다.

○ 바람에 나무가 쓰러지는 꿈은 계약이 성립되지 않고, 바람에 집이 쓰러지는 꿈은 재산이 탕진됩니다. 또한 간장의 병이 생깁니다.

○ 폭풍우가 드세게 몰아치는 꿈은 누군가 죽을 징조입니다.

○ 바람에 날려 몸이 떠오르면 누군가에게 사기를 당할 징조입니다.

○ 오색이 영롱한 구름이 사방에서 일어나는 꿈은 상인이면 이익을 보고 여자라면 주인을 갈아서 출새합니다.

○ 구름이 검고 푸른것은 병난이 있을 징조이며 붉고 흰 구름은 소원이 이뤄집니다. 단 봄철에는 청색이 나쁘지 않으며 겨울에는 흑색이 나쁘지 않습니다.

○ 구름이 별을 가리는 꿈은 반드시 해를 끼칠 사람이 나타납니다.

○ 구름이 붉은색을 띄며 산머리에서 올라오는 꿈은 은둔자나 스님에게 좋은 일이 생깁니다.

○ 구름이 누런색을 띄며 산머리에서 올라오는 꿈은 사철 어느때라도 좋은 일이 생깁니다.

○ 밝게 빛나는 운무가 온몸을 감싸주는 꿈은 대길하니 모든 일이 순조롭습니다.

○ 안개가 밀려와 사방이 어둡고, 구름이 몰려와 어두워지면 속히 서둘러야 이익이 있으니 서둘르지 않으면 점차 실패하게 됩니다.

○ 안개가 짙게 껴있다가 서서히 걷히는 것은 근심 걱정거리가 모두 사라져 안락한 생활을 누리게 됩니다.

○ 안개속을 걷거나 차를 운전하고 가는것은 앞날에 장애가 많다는것을 암시하는 것입니다.

○ 안개가 자욱해서 앞이 보이지 않는것은 하고있는 일에서의 전망이 불확실하거나 몸에 병이 생길수 있습니다.

○ 안개가 자욱한데 다리를 건너는 꿈은 머지않아 있을 죽음을 예고하는 흉몽입니다.

○ 우뢰소리가 사방에서 나면 장사를 하면 길한게 되는 징조입니다.

○ 우뢰소리에 놀라는 꿈은 이사를 하면 좋을 징조입니다.

○ 우뢰가 울리고 번개가 치면 관리는 승급하며, 상인은 장사가 잘되고 학자는 이름이 날릴것입니다.  

○ 번개를 보는 꿈은 대채로 만사가 순조로와 집니다.

○ 번개를 처녀가 보면 혼담이 진전되고 결혼한 부인이보면 임신하게 됩니다.

○ 번개불이 사방을 비추는 꿈도 매우 좋은 징조입니다.

○ 벼락을 맞으면 크게 부자가 되면 귀하게 됩니다.

○ 번개가 가까이 떨어져 놀라면 불길하며 야밤도주할 일이 생깁니다. 자기 집에 떨어지면 재앙이 옵니다. 벼락 꿈은 자기몸에 맞아야 길몽이 됩니다.

○ 길가다가 비를 만나는 꿈은 술이 생길 징조입니다.

○ 비를 맞았는데, 우산이 없는 꿈은 이사할 징조입니다.

○ 무지개의 빛깔이 오색 찬란하면 집안이나 직장에 경사스러운 일이 발생할 징조입니다.

○ 무지개를 보면 기회를 잡아야하니, 일을 서둘러야 좋으며, 늦으면 아무런 성과도 얻지 못합니다.

○ 무지개가 선명했다가 점차 희미해지는 꿈은 소망하던 일이 진행되는듯 하지만 점차 수포로 돌아가서 실망하게 됩니다.

○ 무지개가 끊어져 있는 꿈은 혼담이나 약속 등 인연이 깨어지게 된다는 뜻입니다.

○ 무지개의 빛깔이 붉은 색이면 길조이며, 검은 무지개는 흉조입니다.

○ 쌍 무지개가 뜬 것을 보는 꿈은 부부간에 혹은 자식간에 갈등이 생기거나, 이성간에 부적절한 만남이 있게 됩니다.

○ 무지개가 집에서부터 피어오르는 꿈은 혼담이 성사되거나 먼곳에 있던 가족이 무사히 귀가하게 되고 소식이 끊어진 사람과 연결이 됩니다.

○ 우박과 싸락눈이 함께 내리면 일이 풀리지 않아 고생하게됩니다. 

○ 우박이 집위 지붕에 쏟아지는 꿈은 집안에 좋은일이 생기며, 임산부가 이 꿈을 꾸면 아들을 낳게 됩니다.

○ 우박이 눈이 쌓이듯 마당안에 쌓이는것은 풍족한 생활을 누리게 됩니다.

○ 눈이 내려 온몸을 덮으면 만사가 순조로울 것이며 붉은 눈은 수명이 길어진다는 징조입니다.

○ 눈이 크게 내리거나, 비가 내려 길이 막히면 불길합니다. 특히 형재간에 마찰이 생기는 꿈입니다.

○ 눈이 마당과 뜰에 쌓인 꿈은 우환이 있을 징조이니, 조심해야 합니다.

○ 눈이 오거나, 비가오는 꿈은 입신양명하고 횡재수가 생깁니다. 다만 보슬비는 장사에 해롭습니다.

○ 눈이 음산하게 내릴때 주위가 어두우면 불길하고 장마비가 계속 내리는것은 병에 걸리거나, 지금의 일이 불리해집니다.

○ 이슬이 내리고 서리가 내리는 꿈은 모든 일이 뜻대로 되지 않습니다.","3",3
"★ 산, 강, 연못, 지리의 꿈

○ 땅이 울퉁불퉁하여 고르지 않으면 뜻밖의 일로 놀라게되면 신수가 불편해질 징조입니다.

○ 지상에 누워있는 꿈은 근심이 그치지 않습니다.

○ 집이 가라앉거나 땅이 거져보이면 주로 어머니에게 좋지않을 일이 생기는 징조입니다.

○ 사람이 흙덩어리를 주고 받는 꿈은 크게 길합니다.

○ 흙을 가지고 집으로 돌아가는 꿈은 매우 좋습니다.그러나, 손으로 흙을 쥐고 오는 꿈은 수치를 당합니다.

○ 몸이 흙속으로 들어가는 꿈은 모든 일에 길해집니다.

○ 땅을 파서 몸을 묻으면 재산이 늘어납니다.

○ 땅이 갈라지고 그 틈사이에 몸이 갇히면 불길합니다.

○ 날아서 산 정상에 오른 꿈은 진행중인 일이 척척진행되는 것이며 빠르게 목적을 달성하게 됩니다.

○ 눈 덮인 산을 오르는 꿈은 본인이 하고 있는 모든 일에서 어려운 난관을 극복하게 됩니다.

○ 산에 오르다가 미끄러지는 꿈은 좋지 않습니다. 본인이 원하던 바를 이루지 못하고 좌절하며 실망이 크게 생기게 됩니다.

○ 산속 깊은곳에서 보물을 얻는 꿈은 크게 길하며 반드시 복록이 생깁니다.

○ 산 정상 위에서 사람을 만나는 꿈은 매우 길합니다.

○ 산에서 길을잃고 헤메다가 사람을 만나 길안내를 받으면 출세를 하게 됩니다.

○ 산 꼭대기에 힘들게 오르고 있거나 지붕위에 불안하게 올라선 꿈은 근심이 생기고, 웃 사람에게는 미움을 받고 아랫 사람에게는 참소를 받게됩니다.

○ 높은 산에 붉은 구름이 감싸고 있으면 만사형통 합니다.

○ 운무가 높은 산을 덮고 있거나 골짜기에서 운무가 생겨 서서히 산을 휘감는 꿈은 때를 기다려야 일이 풀립니다. 

○ 운무가 산을 덮을때 폭포수가 우렁차게 쏟아지는 것이 같이 보이면 조만간 귀인의 도움을 받아 일을 성공하게 됩니다. 

○ 높은 산, 높은 재에서 내려오는 천한 사람에게는 길한 꿈이나, 높은 사람에게는 흉한 꿈이 됩니다.

○ 높은 산을 보는 것은 길합니다. 그름위에까지 봉우리가 솟아있는 높은 산 일수록 좋습니다.

○ 산위에서 낚시질을 하면 만사가 잘 풀리지 않습니다.

○ 산중에서 농사를 짓는 꿈은 의식이 넉넉해지는 꿈입니다.

○ 산과 숲을 다니는 꿈은 길하고 만사가 뜻대로 됩니다.

○ 산을 짊어지는 꿈은 큰 권세를 얻는 길조입니다.

○ 산이나 언덕을 오르는 꿈은 병이 쾌차하고 병이 없어집니다.

○ 아지랭이와 안개가 여러 산에 많이 낀 꿈은 만사가 느릿느릿 진전됩니다. 이 꿈을 꾼다면 천천히 기회를 엿봐야하니 서두르면 해롭습니다.

○ 산 골자기가 무너지는 꿈은 흉몽입니다. 손윗 사람이 흉한 일을 당하게 됩니다.

○ 산과 숲이 불길로 둘러 쌓여있는 꿈은 길하며 모든 일이 순조롭습니다.

○ 산에 불이 나는 꿈도 좋은 일이 생긴다는 암시입니다.

○ 나무가 없는 붉은 산이나, 넓은 들을보면 먼곳에서 사람이 찾아오게 됩니다.

○ 집이 사라지듯이 집터가 변해서 들판이 되는 꿈은 일가 친척이 흩어질 징조입니다.

○ 들에서 나물을 캐며 즐거워하는 꿈은 자손이 번창하고 장차 부귀해질 징조입니다. 다만 여난의 우려가 있으니 이점만 조심하면 좋을것입니다.

○ 들판에서 샘물이 솟는 것을 보는 꿈은 출판업에 관련된 사람은 작품을 연재하게되거나 혹은 사업 자금이 생깁니다.

○ 들판을 혼자서 걸어가는 꿈은 심리적 방황과 갈등을 겪게 되고, 부부나 연인 사이도 나빠지며 고독과 방황이 일어납니다.

○ 돌계단을 오르는 꿈은 자신의 실적을 발표하거나 공로를 인정받게 됩니다.

○ 돌을 운반하여 집으로 가져오면 매우 길합니다.

○ 바위 위에 올라있으면 길몽입니다. 즐거운 일이 많이 생기며, 잔돌을 손에 움켜지고 있으면 여러 아들을 낳습니다.

○ 벼랑을 내려가는 것은 믿을 수 없는 친구가 주위에 있다는 것입니다. 조심해야합니다.

○ 벼랑을 올라가는 것은 일에있어서 노력한 보람과 성과를 찾게됩니다.

○ 벼랑 끝에 몰려 더이상 가지 못하는것은 진행하고 있는일이 모두 실패로 끝나게 된다는 것을 암시합니다.

○ 물이 양양하게 흐르는 꿈은 혼담이 잘 이뤄집니다. 단, 여난이 생길수 있으니, 주의해야합니다.

○ 물이 맑아 보이면 사람들 사이에 우두머리가 될것이며 모든 일이 순조롭습니다.

○ 도랑물이 넘치도록 흐르는 것은 술이나 떡이 생깁니다. 또한 장수할 징조입니다.

○ 산과 강을 구경하며 유람하거나 천석등을 구경하는 꿈은 손 재수가 크며 불시에 여행을 하게됩니다.

○ 지진이 일어나 집이 흔들리는 꿈은 송사가 생기며 몸에 부상이 생길수 있습니다.

○ 바다가 푸르고 그 위로 맑은 하늘이 보이는 것은 매사가 순조롭게 풀리고 주위의 신망을 받아 좋은 일이 생길 것입니다.

○ 바다위 물결이 사나운 꿈은 가정이나, 친척과 친구간에 마찰이 생깁니다.

○ 바다위 물결이 잔잔하고 햇빛을 받아 반짝이는 꿈은 운이 점차 좋아지고 상승하고 있음을 알려주는 암시입니다.

○ 바다 혹은 큰강위를 걷는것은 장차 크게 성공하여 가문을 빛낼 징조입니다.

○ 바다에 들어가 용궁을 보는 꿈은 시행하는 일마다 행운이 따르고 인격이 높아 질 암시입니다.

○ 배를 타고 항해를 하다가 항구에 정박한 꿈은 일이 순조롭게 풀리며 사람들의 존경을 받습니다.

○ 홍수가 나서 길이 어지렵혀진 꿈은 일이 풀리지 않으며 구설과 논쟁이 생깁니다.

○ 냇물이 말라버리면 가난해질 징조입니다.

○ 연못에 빠진 꿈은 크게 후회할 일이 생깁니다.

○ 연못을 파는 꿈은 몸이 편안해질 징조입니다.

○ 연못에 백조가 있는 꿈은 많은 재물이 생기는 부를 상징하며, 임산부가 보면 아들을 낳을 태몽입니다.

○ 연못에 물고기가 놀거나, 꽃이 핀것을 보면 아들을 얻는 태몽입니다.

○ 연못위에 물고기들이 죽어있는 것은 재난, 질병, 전쟁 등으로 큰 화를 입게됩니다.

○ 연못또는 우물안에 큰 물고기나 잉어를 넣는 것은 계획 중인 일이 발전하거나 크게 입신양명하게 됩니다.

○ 굴속에서 나오거나, 점차 아침이 밝아오는 꿈은 출세양명하며 성공할 징조입니다.

","4",4
"★ 도로, 교량, 시장의 꿈

○ 도로가 홍수로인해 파손되는 것은 진행중인 일이 꼬이게 되고, 구설수가 생기거나 논쟁이 생기게 됩니다.

○ 도로와 건물들이 홍수로인해 전부 잠기는 꿈은 사회생활에 문제가 발생하여 실직하거나 인간관계에서 어려움을 당하게 됩니다.

○ 비포장 도로를 가는 꿈은 심신의 피로를 느끼게 되어 모든 것이 싫어지며 진행되는 일이 더디게됩니다.

○ 버스를 타고 도로를 시원하게 달리는 꿈은 좋은 배우자나 애인을 만나게 되고, 승진·영전의 기쁨을 누릴 징조입니다.
 
○ 교량 위를 우마차가 지나가는것을 보면 여러 단체나 기관의 협조를 받아 일이 성사됩니다.

○ 한 곳에 머물지못해 이곳 저곳 떠돌아 다니면 부모 친척과 불화하게 됩니다.

○ 용궁을 보면 만사형통된다.

○ 집 마당에서부터 큰 도로가 나 있는 꿈은 여러 방면으로 모든 일이 순리대로 풀립니다.

○ 한낮 길위를 왕래하는 꿈은 길합니다.

○ 포장이 잘된 깨끗한 도로를 걷는것은 진행하는 일마다 소망대로 성사되는 기쁨이 있게 됩니다.

○ 넓고 곧은 길을 걸어다니면 기쁜일이 많이 생기고 가사가 번창해지는 징조입니다.

○ 길이 곧지않고 꾸불거리면 가세가 기울어질 징조입니다.

○ 길이 진흙탕이거나 가시덤블이라면 일이 잘 풀리지 않습니다.

○ 걷는 길이 좋은 길이 아니며, 입고있는 의복도 허술하고 더럽다면 병을 얻습니다.

○ 다리 위에서 사람을 기다리는 꿈은 일이 풀리지 않아 고민하게 됩니다.

○ 다리 위에서 누군가가 자신을 부른다면 송사에서 이깁니다. 그러나 다리위에서 자신이 남을 부른다면 송사가 생깁니다.

○ 다리 위에서 남을 부를때 아래에서 대답하는 이가 있다면 반드시 승리합니다. 불러서 대답하는 이가 없다면 반대로 흉한 꿈입니다.

○ 다리가 무너지는 꿈을꾸면 좋지않은 방면으로 변화가 일어날 조짐입니다.

○ 다리의 중간이 끊어져 있다면 구설이 생기고 생계에 불리한 일이 발생합니다.

○ 다리의 기둥이 부러지는 꿈은 자손이 않 좋아지며, 그 수하에 있는 사람이 다칩니다.

○ 다리를 수리하거나, 길을 닦는 꿈은 만사가 잘 풀릴 징조입니다.

○ 다리를 새로 놓으면 만사 형통하고 재수가 좋습니다. 다만 남에게 사기 당할일이 생길수 있으니, 조심해야합니다.

○ 웅장하고 거대한 다리를 건너가는 꿈은 기반이 안정되고 조직에서 편하게 일을 처리하게 될 조짐입니다.

○ 냇물을 건너면 만사에 소극적으로 행동해야 좋습니다. 더욱이 여인 관계의 일은 조심하여야 합니다.

○ 시장에서 아는 사람을 만나는 꿈은 길몽입니다.

○ 시장을 걸으며 여기저기 기웃거리는 꿈을 꾸면 결혼 상대자나 직장을 놓고 선택과정에서 신경을 쓰게됩니다. 좋지못한 결정을 할수있습니다.

○ 시장 안으로 부부가 함께 들어가는 것은 사업이 점차 번성하게되며 소망이 성취되고 재물이 풍부해집니다.

○ 시장에서 술을 마시며 노는것은 재수가 있습니다. 다만 사람들과의 행동에서 조심하지 않으면 망신을 당할수도 있습니다.

○ 시장에서 남과 싸움하는 꿈은 큰 망신을 당할수있으며 시비와 구설등에 휩싸일수 있습니다.

○ 시장에서 처 자식을 팔거나 놓고 혼자오는것은 대단히 흉합니다. 모든 일에서 실패하며 패가망신합니다.

○ 시장에서 물고기를 사는 것은 그 동안의 노고에 대한 대가를 받게 되거나 융자를 받을 일이 생기게 됩니다.

○ 시장에서 북어를 사는 것은 재물을 얻거나 또는 그와 관련된 증서를 얻으며, 부와 명예가 따르게 됩니다.

○ 시장이나 상점에서 물건을 사는 꿈은 하는 일에서 많은 이익을 얻게 됩니다.

○ 소를 타고 시장으로 들어가는 꿈은 많은 대중이 모인 가운데 자랑하면서 과시할 일이 생깁니다. 

○ 상인이 시장에 들어가는 꿈은 길몽입니다.

○ 상인이 시장에서 나오는 꿈은 손재합니다.

○ 넓은 광야에 혼자 있는 꿈은 먼 길을 떠날일이 있습니다.
","5",5
"★ 궁전과 성곽, 가택의 꿈

○ 임금이 궁전에 들가가 다니는 꿈은 대길하며 만사가 순조로와집니다.

○ 궁궐에 들어가 왕이나 왕비와 이야기를 하는것은 신분이 상승되고 널리 이름을 떨치게 되거나 지위가 높은 사람과 인연을 맺게됩니다.

○ 궁전이 광대하게 보이는 꿈은 만사에 덕이 있어 대길하며 재수가 있고 좋은 일이 많이 생깁니다.

○ 바다에 들어가 용궁을 보는 꿈은 시행하는 일마다 행운이 따르고 지위가 오르며 인격이 높아 질 것입니다.

○ 하늘에 구름이 걷히고 웅장한 궁궐로 들어가는 꿈은 부귀공명하면서 입신출세합니다. 소원성취, 고관대작등 최고의 길운 중 한가지입니다.

○ 궁궐 같은 큰 집으로 호랑이를 탄 채 들어가는것은 권력자가 되고 재물을 얻게됩니다.

○ 궁궐을 보며 동시에 용을 보는 꿈을 꾸면 최고로 높은 지위에 오르며, 예술가가 이 꿈을 꾼다면 장인의 칭호를 얻으며 작품창작 등에서 큰 성과를 얻게됩니다.

○ 성안으로 들어간 꿈은 길몽이며, 반대로 성에서 나오는 꿈은 흉몽입니다.

○ 성곽의 빛이 푸른것을 보면 좋은 일이 많이 생깁니다.

○ 붉은 빛이 성곽에 올라보이면 만사 대통하며 대길합니다.

○ 높은 누각에 올라 음주행락 하는 것은 부귀해질 징조입니다.

○ 높은 누각에 올라사는 꿈은 큰 부귀를 얻게됩니다.

○ 당상에 관이 있으면 몸과 마음이 편안해집니다.

○ 집 가운데서 빛이나면 길하며 장사꾼은 이익을 크게 볼것이며관직에 있으면 크게 길해집니다.

○ 집안에 풀이 나 있는꿈은 가산을 탕진할 징조입니다.

○ 집을 수리하는 꿈은 수복이 강녕하게 됩니다.

○ 지붕이 무너지는 꿈은 집안 사람이 병을 얻거나 안좋아지는 흉몽입니다.

○ 타인과 집을 다투는 꿈은 모든 일이 잘 안되므로 조심해야합니다.

○ 지붕을 수리하는 꿈은 가업이 번창하며, 지붕이 무너지고 퇴폐하는 꿈은 심신이 고달파 집니다.

○ 집이 무너지고 사람이 없어 보이는 꿈은 병이 잘 낫지않는 흉몽입니다.

○ 새집에 들어가는 꿈은 먼길을 떠날 징조이며, 여행을 가게됩니다.

○ 새집으로 이사하는 꿈은 몸이 귀하게 됩니다.

○ 집을 파는 꿈은 운이 왕성해지고 집을 사는 꿈은 수명이 길어집니다.

○ 집을 잘 관리하는 꿈은 먼곳에서 사람이 오는 것이며 남의 웃사람이 될 징조이기도 합니다.

○ 집의 대들보가 부러지는 꿈은 매우 흉하니 집안에 우환이 생깁니다. 가장의 죽음을 암시하는 꿈입니다.

○ 절간에 살고있는 꿈은 귀한 자식을 낳게된다는 암시입니다.

○ 집안 형제가 매우 빈곤해 보이는것은 반대로 길한것이며, 재수가 좋고 만사에 순조롭습니다.

○ 창문을 열어 보이는 꿈은 매사가 잘 풀리고 닫아보이는 꿈은 매사에 일이 잘 안 풀립니다.

○ 집안에 소나무나 잣나무가 있는것을보면 장수하게 된다는 징조입니다.

○ 창고를 짓거나 새로 설치하는 꿈은 상인은 일이 잘될것이고 예능인은 명성이 높아지고 부자는 더 큰 부귀를 누리게됩니다.

○ 또한 창고를 짓는 꿈은 동쪽에 이웃한 사람이 흉해지고 창고가 무너지는 꿈은 서쪽의 이웃이 흉해집니다.

○ 가택을 건축하는 꿈은 만사가 성취되나 큰 병을 앓게 될수도있으니 주의해야 합니다.

○ 집을 짓고 상량하는 꿈은 소원성취하며, 아랫사람은 출세하게 됩니다.

○ 집안을 수리하는 꿈은 지금 진행하는 일이 있다면 서둘러야 좋으며, 시간을 끌면 안좋아지게됨을 암시하는 꿈입니다.

○ 벽을 발르는 꿈은 감기 몸살이 나는 꿈입니다.

○ 담 위에 올라가는 꿈은 시험에 합격, 취직의 성사 등 경사가 있게 되어 기쁨할 일이 생깁니다.

○ 담장이 무너지는 꿈은 이사를 가거나 직장을 옮기거나 새로운 사람을 만나게 되며, 하고있는 일이 순조롭게 풀릴수 있습니다.

○ 분수에 넘치게 넘무나 화려한 집에 살게되며, 여러 하인을 두르며 사치스런옷을 입고있는것은 마음이 어지럽고 소원하는 일이 잘 풀리지 않게됩니다.

○ 이사를 가는 꿈은 만사를 새로 개량한다는 암시입니다. 이때는 반드시 새로 여자를 사귀면 흉해집니다.
","6",6
"★ 문, 우물, 솥의 꿈

○ 대문으로 용이 들어오는 꿈은 신분이 귀한 사람이 찾아 오거나, 진행하는 일이 순조롭게 풀립니다.

○ 살고있는 집의 문이 커 보이고 높아보이는 꿈은 큰 부자가되고 큰 귀인이 됩니다.

○ 문이 홀연 크게 열리어 젖혀진 꿈은 운수가 대통해지며 좋은 일이 많이 생깁니다.

○ 문이 잠기어 들어갈수 없는 꿈은 일이 막히며 흉한일이 생깁니다.

○ 대문 짝이 부숴진 꿈은 매우 흉하니 만사에 조심해야합니다.

○ 문을 새로 해 다는 꿈은 귀한 아들을 낳게됩니다.

○ 문이 저절로 부러져 보이는 꿈은 하인배나 아랫사람이 달아날 징조입니다.

○ 문이 저절로 살짝 열리는 꿈은 아내가 부정을 하게됩니다.

○ 문앞에 새로 또랑이나 구덩이가 생기는 꿈은 모든일이 마음 먹은대로 되지 않게 됩니다.

○ 성문이 닫혀있는 꿈은 구설수가 생기니 조심해야 합니다.

○ 문이 돌로 되어있는 꿈을 꾸면 장수할 징조입니다.

○ 큰 불이 나서 문을 태워버리는 꿈은 흉몽이니 조심해야합니다. 패가망신하는 일이 생길수 있습니다.

○ 집안에 우물이 있는 꿈은 길몽이므로 가사가 번창하고 특히 여자의 추천으로 반드시 출세하게 됩니다.

○ 우물안에 집이 있다면 흉하며 아기가 병나기 쉽습니다.

○ 우물이나 냇물에 빠지는 꿈은 흉하며 생각지도 않은 손해가 생기며 아랫사람으로 인한 근심이 생깁니다.

○ 우물물이 도도하게 넘쳐 흐르는것은 길몽입니다. 집안이 흥하며 자손이 번창하고 좋은 인연을 만나며 재산이 쌓이게 됩니다.

○ 우물안이 쓰레기 따위가 있으면 친한 사이에 구설이 생기며 부부간에 다툼이 발생하니 주의해야합니다.

○ 물건을 우물안에 떨어뜨리는 꿈은 급한 화나 도난의 염려가 생길수 있으니 주의해야합니다.

○ 우물이 탁해 보이는 꿈은 신경에 병이 날 징조이며 여색을 경계해야 합니다.

○ 우물물을 떠서 맑으면 길하고 흐리면 흉한일이 생깁니다.

○ 우물물이 말라있으면 친척간에 불화가 있을것을 암시하는 것이며 재산이 탕진되는것을 나타냅니다.

○ 우물안에서 내 몸이 비춰 보이는 꿈은 관직을 얻게 됩니다.

○ 우물 밖에서 몸이 우물물에 비춰보이는 것은 부인은 임신을 하는것이고 남자라면 좋지 않은 일이 생김을 암시합니다.

○ 우물이 무너지는 꿈은 재산이 탕진됩니다.

○ 우물물을 들여다 보는 꿈은 먼곳에서 소식을 전해들을수 있음을 암시합니다.

○ 술에 취해 우물에 떨어지는 꿈은 관의 시비가 생깁니다.

○ 우물에서 소리가나는 것을 들여다보면 구설수가 생깁니다.

○ 몸을 쫏기어 우물안에 숨는 꿈은 소송이나 옥살이를 하게됩니다.

○ 솥 밑에서 물이 나오는 꿈은 재물을 얻게됩니다.

○ 솥 밑에서 불을 지피는 꿈은 명성이 드 높아집니다.

○ 솥이 깨지는 꿈은 매우 흉하니, 식구가 줄수있으며 병과 횡액을 당하게 됩니다.

○ 솥 밑에서 다로 밥을 짓는 꿈은 가산이 기울어집니다.

○ 부엌과 솥을 고치는 꿈은 대길합니다.

○ 집 밑에 솥이 따로 있는것을보면 매사가 뜻대로 되질 않습니다.

○ 절구에서 밥을 지어보면 처첩이 죽습니다.
","7",7
"★ 사람, 초대, 구경, 놀이의 꿈

○ 높은 사람과 만나는 꿈은 술이 생깁니다.

○ 귀한 사람을 만나러 갔으나 뵙지를 못한다면 흉하니, 만사가 불길함을 암시하는 것입니다.

○ 귀인에게 절을하고 뵙는것은 복과 덕이 따르게 됩니다.

○ 귀인에게서 패물과 보물을 얻는 꿈은 대길하니 반드시 출세하며 여자라면 반드시 좋은 인연을 만나 맺어지게 됩니다.

○ 가난한 사람을 보면 반대로 대길합니다.

○ 장님을 만나면 하는일이 진전되지 않고 막히게 됩니다.

○ 성인과 자리를 같이하여 담소를 나누는 꿈은 대길합니다.

○ 옛사람과 담소를 나누는 꿈은 좋은 생각과 지혜를 얻게 됩니다.

○ 사람을 초대해서 연회나 잔치를 베푸는 꿈은 지위와 생활이 안정되고 귀인의 도움을 받게됩니다.

○ 남과 물건을 교환하는 꿈은 병을 얻게 됩니다.

○ 귀인과 말을 주고받고 하는것은 새로 직장을 얻으며 출세하게 됩니다.

○ 사람이 죽어서 망한 꿈은 반대로 매우 길한 꿈입니다.

○ 신선과 만나 예기를 하면 매우 길합니다.

○ 악인과 더블어 대화를 나누면 구설이 생깁니다.

○ 귀인의 초대로 문으로 들어가는 꿈은 길하며 만사가 마음 먹은대로 진행됩니다.

○ 평소에 미워하는 사람을 만나면 질병을 얻습니다.

○ 새로 관직을 얻는 꿈은 귀한 자식을 얻게 됩니다.

○ 먼곳에서 손님이 찾아오는 꿈은 술과 음식이 생깁니다.

○ 윳놀이를 하거나 보면 재물을 얻습니다.

○ 노름을 하여 돈을 따면 반드시 친한 사람으로 인해 손해를 보거나 재물을 빼앗깁니다.

○ 다른 이들과 도박이나 기타의 승부를 해보이는 것은 신장과 폐등이 허약해진 징조이니 몸을 아껴야 합니다.

○ 바둑을 두는 꿈은 귀인에게 선발되어 도움을 받으니 좋은 길몽입니다.

○ 바둑을 두고나서 장기를 두는 일은 소송이 일어납니다. 꼭 나쁜일은 아니지만, 만사에 신중하게 생활해야 합니다.

○ 바둑이나 장기를 신선과 두는 꿈은 대인관계가 복잡해져 신경쓰고 번잡한 일이 많이 생길 징조입니다.

○ 장기를 두는 꿈은 다른 사람과 경쟁하는 상황에 처하게됩니다.

○ 장기를 두는데 다른 사람이 옆애서 훈수를 두는 꿈은 진행하는 일이 타인의 참견으로 곤란을 당하게 됩니다.

○ 거문고, 피리, 장고등의 악기를 보면 의외의 허명이 생기며 안 좋습니다. 그러나 음악가나 예술가가 이와같은 꿈을 꾸면 창작활동이 이뤄집니다.

○ 피리를 불거나 장고를 치는 꿈은 점차로 기쁜 일이 많아지면서 대길할 징조를 뜻합니다.
","8",8
"★ 삶, 생노병사의 꿈

○ 남과 더블어 통곡하는 꿈은 경축할 일이 생깁니다.

○ 혼자 울고있는 꿈은 술과 음식이 생깁니다.

○ 큰 소리로 우는 꿈은 잔치에 초대되고 술이 생깁니다.

○ 먼 곳에서 사람이 찾아와 슬피 우는 꿈은 주위의 사람이 죽는 수가 발생합니다. 주의 하셔야 합니다.

○ 몸이 걸인이 되는 꿈은 점차 행운이 찾아오게 됩니다. 자손이 번창하며 재물이 쌓이고 재수가 있습니다.

○ 손벽을 치고 노래하며 춤 추는 꿈은 병이 생기고 재난이 오게됩니다.

○ 피리를 불며 장구를 치는 꿈은 기쁜 일이 많으며 크게 좋아집니다. 

○ 혼자서 노래하고 춤을 추는 꿈은 구설이 생깁니다.

○ 병자가 사치스러운 옷을 입고 있으면 죽음이 당도햇음을 알리는 꿈입니다.

○ 병자가 통곡을 하는 꿈은 병이 낫기 힘들고 만사가 여의치 않게 됩니다.

○ 병자가 약을 먹는 꿈은 차차 병세가 좋아질 징조입니다.

○ 병자가 뛰어 달아나는 꿈은 사망이 다가왔음을 알리는 징조입니다.

○ 중병을 앓고 있는 환자가 건강한 모습으로 일어나 활동하는 꿈은 병세가 악화되거나 사망에 이르게될수있는 암시입니다.

○ 의사나 약사에게 약봉지나 약병을 받는 꿈은 이제까지의 어려운 일이 해결되고 여러 가지 면에서 운이 트일 징조입니다.

○ 병원에서 의사에게 약을 받아 먹는 꿈은 직장에서의 일이 원만하게 해결되고 풀릴것을 암시합니다.

○ 다른 사람과 용감히 싸워 몸에 상처가 생기는 꿈은 타인의 존경을 받게 된다는 암시입니다.

○ 자신이 흑사병에 걸린 꿈을 꾸면 크게 횡재할 일이 생깁니다.

○ 얼굴에 종기가 많이 나아 보이는 꿈은 재물을 얻고 번창하게 됩니다.

○ 문둥이가 되거나 피부에 종창같은 병이 나 있는 꿈은 재물이 생기며 여자가 꿈을 꾼것이라면 부자에게 시집갈 수 입니다.

○ 죽은 사람과 같이 음식을 먹는 꿈은 만사가 잘됩니다.

○ 죽은 사람이 웃는 꿈은 큰 병이 낫게되는 좋은 암시입니다. 몸이 아픈 사람이 이 꿈을 꾸면 좋습니다.

○ 죽은 사람이 입을 열어 말을하는 꿈은 사업이 번창하게 됩니다.

○ 죽은 사람을 안아주는 꿈은 크게 대길합니다. 다만 죽은 사람을 안고 운다면 매우 흉해집니다.

○ 죽은 부모가 길을 재촉하거나 자신을 데려가는 꿈은 갑자기 사고나 질병 및 우환이 생겨 손재와 근심이 생기고, 신변에 죽음의 위험이 다가오고 있는것입니다.

○ 남자 조상이나 돌아가신 아버지를 꿈에 본다면 대채로 길합니다.

○ 조상이 집 안으로 들어오는 꿈에선, 그 조상이 가문을 크게 일으킨 인물이었다면 현실에서도 집이 크게 일어나거나 후손이 관직에 진출하고, 반대로 가세를 몰락하게 한 사람이라면 현실에서도 이와 비슷한 운세가 깃들게 됩니다.

○ 조상에게 음식을 대접하는 꿈은 소망하는 것이 순조롭게 이루어고 가정과 직장이 모두 순탄해질 조짐입니다.

○ 조상에게서 꾸지람을 듣는 꿈은 사업이나 집안에 뜻하지 않은 우환이나 손재가 생기는 등 나쁜 일이 발생하게됩니다.

○ 조상이 자신의 머리를 쓰다듬어주는 꿈은 심각한 병마에 시달리거나 위험한 일을 당하게 되는 흉몽입니다.

○ 사람이 죽는것을 보는 꿈은 수명이 길어집니다.

○ 손과 발에 피고름이 흐르는 꿈은 사업이 번창하게 됩니다.

○ 현실에서 아픈 사람의 병이 꿈속에서 더욱 커져 보이면 만사가 잘 풀리지 않습니다.

○ 목을 매서 죽는 꿈은 신병이 낫고 운수가 좋아집니다.

○ 자신이 죽는 꿈은 귀한 사람을 만나 출세할 징조이며, 미혼인 사람은 좋은 배필을 만나게 됩니다.

○ 장례를 지내는 꿈이나, 장례에 참석하는 꿈은 모두 길한 꿈이며 재수가 있습니다.

○ 죽은 시체를 취급하거나 시체를 목욕시키는 등의 꿈은 모두 재수가 좋으며 길합니다.

","9",9
"★ 목욕, 배설 기타의 꿈

○ 손을 씻고 발을 씻는 꿈을 아픈사람이 꾸게된다면 병이 낫게 됩니다.

○ 입을 씻는 꿈은 관직에서 물러날 징조입니다.

○ 발을 씻는 꿈은 새로 등극한 자리, 또는 관직에서 물러날 징조입니다.

○ 배를 씻는 꿈은 백가지 악이 모두 사라지게 됩니다.

○ 목욕탕에 가는꿈은 근심 걱정거리가 깨끗이 사라지게 됩니다.

○ 목욕탕 안의 물이 넘칠 정도로 많고 깨끗한 꿈은 자기의 소원을 만족시킬 기반이나 조건이 충족되어 소원이 성취될 것이다.

○ 목욕을 많은 사람과 함께하는 꿈은 매사가 마음먹은대로 순조롭게 풀릴 징조이다.

○ 목욕을 하는데 어느 누가 등을 밀어주는 꿈은 자기의 사업이나 일을 도와줄 귀인이 생길 징조입니다.

○ 부부가 함께 목욕을 하는것은 가정이 화목하게되며 사업이 발전하고 재산과 명예가 늘어 나는 등 기쁜 일이 생깁니다.

○ 본인이 목욕을 하는 꿈은 재난과 환란 등의 걱정이 사라지고 병을 앓고있는 사람이라면 건강이 호전됩니다.

○ 하천이나 시내 등 야외에서 목욕하는 것은 사회단체나 회사 등에서 자기의 욕구를 충족시켜 주는 좋은 일이 발생합니다.

○ 폭포수 안에서 선녀가 목욕을 하는 꿈은 좋은 배우자를 만나게 되며, 예술가에게는 새로운 작품의 영감과 성과가 일어납니다.

○ 절에서 목욕하는 꿈은 취직, 승급, 입학 등의 소망한 일이 성사됩니다.

○ 갓 태어난 아기를 목욕시키는 것은 자기보다 뛰어난 사람이 나타나 도와주는것이며, 예술가가 이 꿈을 꾸면 자신의 일이나 작품 등의 부족한 점을 도와줍니다.

○ 화장실을 새로 짓고 수리하는 것은 집안이 안정되고 재물이 늘어나 부귀영화를 누리게 된다는 암시입니다.
 
○ 화장실이나 정화조를 청소하는 꿈은 근심 걱정하던 어려움이 깨끗하게 해결될 것입니다.

○ 화장실에서 대소변으로 입고있는 의복을 더럽히는 것은 만사가 길해집니다.

○ 화장실 안에서 고민하고 있는것은 명예나 직책이 높아지거나 바라던 새 일자리를 얻게 될 좋은 징조입니다.

○ 재래식 변소 통에 빠졌다가 다시 올라오는 꿈은 재수가 있으며 만사가 길해집니다.

○ 똥과 오줌을 도난 당하는 꿈은 재산을 탕진할 운에 들었음을 알리는 것이니 주의해야 합니다.

○ 똥과 오줌이 온통 사방에 널리 있다면 매우 좋은 꿈이니 부귀하게 됩니다.

○ 똥통이나 대변을 집으로 가지고 들어오는 꿈은 목돈이 들어오거나 큰 돈을 굴릴 기회가 찾아옵니다.

○ 솥 밑에 대변을 보는 꿈은 구설수가 생깁니다.

○ 대소변으로 온몸을 더럽히면 재물이 생깁니다.

○ 똥오줌을 뒤집어 쓰게되는 꿈은 운수대통하여 재물과 이득이 많아지고, 소망하던 일이 성사될 것입니다.

○ 대변 가운데에 앉은 꿈은 흉하며 패가망신할 징후이니 각별히 조심해야 합니다.

○ 대변을 짊어지고 집으로 돌아오는 꿈은 크게 길하니 부자가 됩니다.

○ 똥 오줌을 집 밖으로 쓸어 버리는 꿈은 사업이 곤궁해 지고 재산이 분산되는 등 좋지 않은 징조입니다.

○ 갓난아이의 똥을 손으로 주무르는 꿈은 마음이 편안해지고 여러 방면에서 재물이 생깁니다.

○ 오줌 빛깔이 맑게 보이는 꿈은 깊은 학문과 진리를 탐구하거나, 지금까지 마음 먹은 대로 일이 잘 풀리고 소원성취를 하게됩니다.

○ 산 꼭대기에서 오줌을 누어 사방에 오줌이 흘러가는것은 길몽으로서 사회적으로 권력을 행사해서 많은 사람이 따르게 됩니다. 

○ 진흙으로 몸이 더러워진 꿈은 구설수가 생기고 몸이 불편해집니다.

○ 우물이나 똥더미에 빠진 돼지를 끄집어 내는 꿈은 큰 이익을 보게되며 장사나 사업에서 손대는 일마다 이득을 보게 됩니다.

○ 마구간을 치우거나 말똥을 버리는 등 가축의 축사를 씻어내는 꿈은 손재수가 발생해 어려워 지거나 어려운 일이 생길 징조입니다.

○ 저수지에 똥이 가득한 꿈을 꾸면, 운수가 대통하여 일확천금이 생기고, 사업가는 크게 발전합니다.
","10",10
"★ 물, 불, 도난의 꿈

○ 물위를 달리는 꿈은 크게 좋으니 운수가 대통해 집니다.

○ 물위에 서있는 꿈은 불길하고 믿는 사람이 죽을 수가 발생하니, 주의해야 합니다.

○ 물이 얼은 꿈은 불길하며 기다리는 사람이 오지 않게됩니다. 반대로 얼음이 풀리는 꿈은 먼데서 소식이 날아듭니다.

○ 물에 빠졌을때 밖으로 나오면 좋으며 나오지 못하면 불길한 징조입니다.

○ 몸이 물밑 속에 있는 꿈은 대길하며 운수가 대통합니다.

○ 물이 졸졸 흘러가는 꿈은 길하며 혼담이 이뤄집니다. 다만 여난이 있을수 있으니 조심해야 합니다.

○ 흐르는 물이 맑아 보이면 남의 수장이 되는 좋은 꿈입니다.

○ 사람이 사는 집에 큰 물이 가득차 보이면 자녀에게 해로움이 있는 꿈입니다.

○ 물을 길어오는 꿈은 매우 길하며 산골짜기에서 물을 길어오거나 물을 마시면 더욱 좋으며 반드시 부귀해집니다.

○ 냇물이 느릿느릿 흐르는 것을 보는 꿈은 공사에 소송거리가 생기는 암시입니다.

○ 물줄기가 시원하게 내려오는 폭포를 본다면 일에 관련해 좋은 일이 생길 징조입니다.

○ 폭포수 아래에서 물을 맞으면 재수좋은 일이 생기거나 재물이 생깁니다. 

○ 폭포수가 장대하게 숲 사이를 흐르는 것은 길몽입니다. 특히, 출판 및 예술방면으로 작품발표등의 성과가 생깁니다.

○ 폭포수 위로 오색의 무지개가 떠 있는것은 사회생활에 있어 급진적으로 발전할 일이 생기거나, 좋은 일이 발생합니다.

○ 물고기가 폭포수나 물줄기를 타고 올라가는 것은 입신출세하고 자리의 변동이 생기며, 승진, 성공, 당선, 합격등의 일이 생깁니다.

○ 산람에 큰 불이나서 활활 타오르는 꿈은 크게 재수가 있으며 출세하게 됩니다.

○ 부싯돌로 불을 일으키는 꿈은 장사를 하면 재수가 있고 길합니다.

○ 땅에서 갑자기 불이 솟는 꿈은 병이생기는 꿈이니 각별히 조심해야 합니다.

○ 불이 저절로 타는 꿈은 병으로 고생할 수 입니다.

○ 큰 불이 하늘로 솟아 하늘을 태우는 듯한 꿈은 천하가 태평할 징조이니 심신이 평화로와 집니다.

○ 맹열한 불길이 온몸을 태우는 꿈은 크게 귀하게 될 징조입니다.

○ 꿈에 불이 세차게 타는것은 출세하고 좋은 일이 난다는 암시입니다.

○ 불이 꺼지지 않고 하천의 물을 태우는 꿈은 수명이 길어지는 꿈입니다.

○ 불에서 나는 연기가 검은색이라면 병을 앓게되는 징조이니 조심해야합니다.

○ 온 집안이 환하게 밝아보이는 꿈은 운수가 좋아질 징조입니다.

○ 촛불을 보는 꿈은 대길하며 재수가 있을 징조입니다.

○ 부엌에서 불이 난 꿈은 다급한 일이 생긴다는 암시입니다.

○ 여러 사람이 화로를 중신으로 앉아있는 꿈을 꾼다면 분열된 일이 화합할 징조입니다.

○ 이웃한 집에 큰 화재가 발생하는 꿈은 일에 실패하기 쉬우니 성급함을 버리고 차분해야합니다.

○ 도적에게 물건을 잃은 꿈은 의외의 횡재를 하게됩니다. 또는 의외의 애인을 얻어 귀한 아이를 낳게됩니다.

○ 도적이 집에 들어온 꿈은 모든 나쁜일이 멀리 사라질 길몽이지만 강도가 악의를 품어 흉기를 들고 나를 찾아 집안에 들어오는 꿈은 매우 흉하니 패가망신하는 일이 생깁니다. 

○ 도적과 같이 행동을 하는 꿈은 재수가 있고 대길합니다.

○ 도적이 의복을 가져가는 꿈은 병이 완쾌될 징조입니다.

○ 자기 자신이 도적이 된 꿈은 소원성취합니다. 그러나 도적의 옷을 걸친것은 괜찮으나 남의 물건을 훔치는 꿈은 병을 얻게되어 나쁨니다.

○ 도적이 칼에 맞아 피가 낭자한 꿈은 행운이 찾아옵니다.
","11",11
"★ 죄수, 형벌의 꿈

○ 사람을 시켜서 옥에 갇힌 죄수를 때리는 꿈은 부귀하게될 징조입니다.

○ 도둑질을 하려고 남의 집 담을 넘어 들어가는 꿈은 생각하거나 소망했던 일들이 성취되어 큰 성공을 거두게 되고 출세하게 됩니다.

○ 도둑질 하다가 죄를 범하고 자수하여 옥에 들어가는 꿈은 대단히 흉한 꿈이니 각별히 조심해야 합니다.

○ 도둑맞은 물건을 도로 찾은 꿈은 실제로 도둑을 맞든가, 어이없이 재물을 잃게 되고 악재들이 겹쳐 사업이 기울게 됩니다.

○ 감옥, 유치장, 교도소 등을 본인 마음대로 출입하는 꿈은 운수가 트여서 앞길이 밝게 열리고, 재물과 권리 등에서 행운을 잡게됩니다.

○ 감옥에 갇히거나 유치장에 갇히는 꿈은 큰 불상사나 손재, 말썽에 부딪쳐 장애를 겪게됩니다.

○ 감옥에 갔는데 썩은 냄새가 코를 찌르는 꿈은 만사가 길합니다.

○ 감옥에 들어가 누군가에게 매를 맞는 꿈은 사업이 번창하고 부귀해질 징조입니다.

○ 감옥에 들어가 다른 죄수에게 구타당하는 꿈은 매사 시행하는 일이 전부 좋은 결실을 맺어 재산을 많이 얻게 될 것입니다.

○ 감옥에 들어가 옥졸로부터 형벌을 받는 꿈은 영화롭고 부귀하며 의식주가 생기고 크게 운세가 열리는 길몽입니다.

○ 죄수가 감옥에서 탈주하는 꿈은 병이 나으며 길합니다.

○ 죄수복을 벗고 깨끗한 옷이나 비단옷으로 갈아입는 것은 모든 잡념과 오욕을 떨치고 입신출세, 직업변동, 승진, 당선, 합격 등에서 좋은 운을 얻게됩니다.

○ 죄수가 장차 형벌을 앞두고, 이보다 일찍 급박하게 죽게된 꿈은 주식과 같은 돈을 얻게됩니다.

○ 손과 발에 상처를 입으나 피가 나지 않는 꿈은 이별할 수입니다.

○ 그물을 덮어쓰는 꿈은 주식과같은 돈을 얻게되는 암시입니다.

○ 새끼줄로 자신의 몸을 결박하는 꿈은 재수가 있습니다.

○ 옥졸이나 관인에게 무수히 매를 맞는 꿈은 의식이 생기고 재수가 있습니다.

○ 사형선고를 받고 처형되는 꿈은 매우 길한 꿈입니다. 갑자기 운수가 좋아지며 병자가 이 꿈을 꾼다면 쾌차하게 되어 좋습니다.

○ 사형수가 되어 감방 안에서 통곡하는 꿈은 모든 잡념이 사라지고 새로운 마음으로 밝은 희망을 맞이하고, 소원성취의 기쁨이 있습니다. 부녀자가 이 꿈을 꾸면 임신이 됩니다.

○ 남에게 사형선고를 내리는 꿈은 소송에 휩싸이고 좋지 않습니다.

○ 교수대에 올라 죽을려할때 구원을 받아 살아나는 꿈은 매우 큰 흉몽입니다. 차츰 실패하게 되며 사회적으로 매장당하는 수가 생깁니다.

○ 교수대에 올라가 죽는 꿈은 곧 명예스러운 지위를 얻게 됩니다.

○ 사형수의 죽은 살을 먹는꿈은 지인의 도움을 받아 큰 재산가가 될 암시입니다.

○ 감옥, 유치장, 교도소 등을 본인 마음대로 출입하는 꿈은 운수가 트여서 앞길이 밝게 열리고, 재물과 권리 등에서 행운을 잡게됩니다.
","12",12
"★ 싸움 및 죽음, 도축의 꿈

○ 남과 칼을 비교해보는 꿈은 대길하며 재수가 있습니다.

○ 남과 서로 싸우는 꿈은 인덕을 얻게되고 보물과 재물을 얻게됩니다.

○ 주먹으로 사람을 때리는 꿈은 부부사이가 원만해지며 좋습니다. 미혼자라면 연애에 성공하게 되며 몽둥이로 때리는 꿈 또한 좋은 꿈입니다.

○ 남과 말로 다투는 꿈은 친한 사람과 헤어질 징조입니다.

○ 살인을 한것은 좋으나, 이어서 경찰에게 쫓기는 꿈은 매사에 일이 잘 풀리지 않을 징조입니다.

○ 칼로 사람을 죽이는 꿈은 대통할 길몽입니다.

○ 칼로 모르는 사람을 베는 것은 장사꾼에게 매우 좋은 꿈이며 반드시 성공합나다.

○ 칼로 사람의 머리를 베는 꿈은 재수가 있는 대길몽입니다.

○ 싸움에서 적이 칼로 자신의 팔을 찌르거나 칼싸움을 하다가 팔이 베이면 좋지못합니다. 오른팔을 다쳤다면 아버지, 남편, 아들, 사업상 관계된 인물에게 문제가 발생할 조짐이며, 왼팔을 다쳤다면 어머니, 아내, 딸에게 문제가 발생할수 있습니다.

○ 남에게 무수히 얻어맞은 꿈은 힘이 늘어나고 심장이 강해지는 꿈입니다. 대체로 이득이 생기는 좋은 꿈입니다.

○ 남이 화를 내어 나에게 상처를 입힌 꿈은 대단히 재수가 있습니다.

○ 남에게 매를 맞는 꿈은 주식과 같은 돈이 생기는 암시입니다.

○ 첩이나 하녀에게 매를 맞는 꿈은 매우 않좋은 꿈이니 각별히 조심해야 합니다.

○ 형제간에 서로가 마구 때리며 싸우는 꿈은 모든 일이 잘되고 좋은 일이 생깁니다.

○ 남에게 살해를 당한 꿈은 인덕이 생기는 꿈이니 좋습니다.

○ 남에게 칼로 부상당하는 꿈은 좋지않으나, 피가 난다면 많이 날수록 좋습니다.

○ 남을 내 칼로 베고 피가 내 옷에 묻는 꿈은 재물운이 열릴 길조입니다.

○ 칼로 자살하는 꿈은 재물을 얻게 됩니다.

○ 목을 칼로 베었는데 죽지않고 걸어가는 사람을 본다면 좋은 일이 많이 생깁니다.

○ 남이 휘둘은 칼에 목을 베었는데 죽지않고 살아있는 꿈은 사업에 반드시 성공한다는 암시입니다.

○ 온 힘으로 남의 머리를 베어 갈르는 꿈은 매우 좋습니다.

○ 칼로 서로를 베어 피가 나오는 꿈은 재수가 좋으며, 반대로 피가 나오지 않으면 흉합니다.

○ 칼로 다치어 피가 나오면 술과 음식이 생깁니다.

○ 몸을 인두등으로 뜸질하여 피가 나오는 꿈은 대길합니다. 반대로 피가 나오지 않으면 흉합니다.

○ 겨울에 눈사람을 만들거나 눈을 뭉쳐 눈싸움을 하는 꿈은 사업적 가정적으로 큰 재물을 모으게 됩니다.

○ 남을 욕하고 꾸짓는 꿈은 길합니다.

○ 남에게 꾸중을 듣는 꿈도 길합니다. 

○ 남에게 대단한 모욕을 당하는 꿈도 길합니다.

○ 소가 도살장으로 끌려 가는 것을 보는 꿈은 타인과 함께 추진하던 일이 어렵게 되고, 고난이 있을 흉몽입니다.

○ 송아지가 도살 당하는 꿈은 가까운 시일 안에 실망할 일이 발생한다.

○ 소사 사슴을 죽이는 꿈도 부귀를 얻게 됩니다.

○ 소를 죽여 고기를 먹는 꿈도 재수가 있습니다. 이권이 생기는등의 발전이 있습니다.

○ 사슴을 죽이는 꿈은 평소에 자신이 바라고 소망하던 일을 이루어지게 됩니다.

○ 당나귀나 노새를 죽이는 꿈은 연회에 참석하여 술과 음식을 대접받게 됩니다.

○ 닭이나 오리종류를 잡아 죽이는 꿈도 길하며 병자라면 완쾌하게 됩니다.

○ 거북이나, 자라등을 잡아 죽이는 꿈은 매우 흉하며 집안에 우환이 생깁니다.
","13",13
"★ 절, 불도 귀신의 꿈

○ 높은 탑에 올라가는 꿈은 크게 성공할 징조입니다. 시험에 합격하거나 지위가 올라가게됩니다.

○ 명산 대찰에 참배하는 꿈은 자손이 번창할 징조입니다.

○ 모든 부처와 모든 보살을 만나게 되면 만사에 대길하며 재수가 좋습니다.

○ 부처님께 흰 쌀밥을 공양하면 소망하는 일이 이루어지며 집안이 화평해집니다.

○ 부처나 관음보살을 뵙고 절을 하는 꿈은 만사 형통입니다. 다만, 부처님이나 관음보살님의 인상이 싸늘하거나 좋지 못할때에는 가족이나 가까운 인척에게 사고와같은 흉한 일이 생길수있습니다. 

○ 부처나 관음보살이 그려져있는 그림을 보면 이름을 크게 떨치게 됩니다. 명예가 오르고 경사스러운 일이 생깁니다. 

○ 금으로 만든 불상을 얻는 꿈은 재물이나 이름을 얻고 명성을 드높이게 됩니다. 그리고 장차 사회에 봉사하게 될 운명을 갖게됩니다.

○ 신불전에 절을하고 춤을 추는 것은 입신출세할 좋은 징조입니다.

○ 신불전에 술과 과일을 올리고 제사지내는 꿈은 소원성취할 징조입니다.

○ 불상이나, 석탑을 세우는 꿈은 운수대통하여 부귀할 징조입니다. 만일 출가한 승려가 이 꿈을 꾼다면 반드시 득도하여 이름을 드날리게 됩니다.

○ 절이나 도장을 순례하거나, 그곳에서 설법을 듣는것은 가업과 자손이 번창함을 의미합니다.

○ 절간에서 경문을 읽는 꿈은 병자가 완쾌한다는 암시입니다.

○ 여승만 사는 절간으로 이사가는 꿈은 큰 병을 얻게 됩니다.

○ 향을 사르며 사당에 절하는 꿈은 대길합니다.

○ 절에서 열리는 법회에 출석하는 꿈은 귀한 자식을 두게되는 암시입니다.

○ 자신이 불도계행을 받는 꿈은 지극한 효자를 얻게되는 암시입니다.

○ 남자가 여승이 되는 꿈은 매우 흉한일이 있을 징조입니다.

○ 무덤과 묘비가 자주보이면 죽은 가족 중에 성불하지 못한 사람이 있었기 때문입니다. 천도하여 제사를 지내주면 자연히 복이 들어와 무병장수하게 됩니다.

○ 신선을 만나거나 자신이 신선이 되는 꿈은 매우 길하며 만사에 좋은 일만 생깁니다.

○ 산신령이나 북가의 사천왕등에게 매를 맞는 꿈은 크게 흉합니다. 신변에 큰 우환이 생길 조짐입니다. 

○ 부처님이 사람과 더불어 말하는 꿈은 복을 얻어 길합니다.

○ 부처님께 절하고 부처님이 움직이는 꿈은 복을 얻어 길합니다.

○ 부처님이나 신령님이 나에게 손을 내밀거나 내 손을 잡는 꿈은, 그 동안 얽혀 있던 문제들이 잘 풀려 나가고 모든 고민과 당면한 어려움이 사라지게 됩니다.

○ 임산부가 신이나 부처님을 뵙는 꿈은 아들을 낳을 징조이며 길합니다.

○ 신이 길흉을 예기해주는 꿈은 길하며 복과 녹을 얻게 됩니다.

○ 신이 나를 부르는 꿈은 운수가 열리고 좋은 일이 생기는 징조입니다.

○ 신전에 폐백을 바치거나, 음식을 올리는 꿈은 대길합니다.

○ 신전에 제사를 지내며 절을 하는 꿈은 길하고 좋습니다.

○ 귀신과 싸워서 이기면 길하고, 지면 흉합니다. 다만 승부가 나지 않거나 싸우기만 하는 꿈은 건강해지며 명이 길어집니다.

○ 귀신이 주는 약을 먹는것은, 병이 회복되고 난제가 해결되어 재물을 얻거나 성공하게 되는 좋은 꿈입니다.

○ 귀신이 자신의 머리채를 휘어잡는 꿈은 심한 두통에 시달리거나 고민하고 걱정할 일이 생길 암시입니다.

○ 기괴한 모습의 귀신을 보면 재수가 있고 좋습니다. 그러나 간혹 일시적인 큰 놀램이 있을수도 있습니다.

○ 도깨비가 쫓아오는 꿈은 힘들고 벅찬 일에 시달려 고통스럽게 고생할 징조입니다.

○ 도깨비들이 소란을 피우며 집안을 들여다보는 꿈은 가족이 병에 걸리거나 사고를 당하는 등 집안에 우환과 근심이 생길 흉몽입니다.

○ 온 집안 식구들이 모여 제사를 지내는 꿈은 길하며 만사가 평온해 집니다.

○ 자신이 출가해서 중이 되는것은 모든일에 좋고 병자가 이 꿈을 꾸면 완쾌됩니다.

○ 스님에게 경문을 배우는 꿈은 만사에 덕이 있어 좋습니다.

○ 스님에게서 설법을 듣거나 목사의 설교를 듣고 있는 꿈은 가족에게 우환이 생기거나 재물을 잃는 불상사가 생기게 된다.

○ 스님에게서 불경을 받는 꿈은 학문적으로 타인의 인정을 받게 되거나 사회적으로 크게 성공할 징조입니다.

○ 스님이 염불하는 것을 보는것은 명예가 오르며 생활이 안정될것이며, 임산부가 이 꿈을 꾸면 덕망있고 학문적으로 뛰어난 인물을 낳게 될 태몽이입니다.

○ 스님이 좌선하는 모습을 보면 소망하는 일이 성사되거나, 본인을 인도해 줄 귀인을 만나게 될 징조입니다.

○ 스님이 자신에게 합장을 하고 말없이 멀어져 가는 꿈은 건강을 잃거나 사고를 당해 몸이 다칠 것이라는 암시입니다.

○ 스님이 집으로 들어오거나 자기 집 쪽으로 걸어오는 것은 가족 중에서 병을 얻게 되거나 우환이 생길 징조입니다.

○ 스님이 내집 대문 앞에서 목탁을 치거나 그러한 소리를 듣는 꿈은 집안에 사회적으로 명성을 떨칠 일이 있을 징조이며, 만약 이것이 태몽이라면 그 아기는 사회적으로 크게 이름을 날리고 집안을 일으킬 것입니다.

○ 기둥에 장식을 하고 제사 지내는 꿈은 집안에 불상사가 있기 쉬우며, 승려가 집으로 들어와서 독경하는 꿈은 병과 근심이 생길 징조입니다.  

○ 늙은 스님과 백발노인을 보면 출세하며 근심이 없어집니다.

○ 신선이나, 남다른 기인, 또는 귀품있는 선각자등의 사람을 만나면 장차 운수가 열릴 징조입니다.

○ 장례를 지내는것은 좋으며 상여를 보게되면 더욱 좋습니다.

○ 하얀색의 해골을 보면 좋으며, 특히 장사를 하는 사람이 보면 좋습니다.

○ 만국기를 가득히 장식한것을 보면 만사가 뜻대로 되는 징조입니다.
","14",14
"★ 의복, 신발, 모자의 꿈

○ 머리에 관을 쓰고 가마를 타는 꿈은 관직이 장차 진급할 징조이며, 만일 보통사람이 이꿈을 꾸면 귀인을 만나 신임을 얻게되어 출세하게 됩니다.

○ 머리에 금관을 쓰면 남에게 신임을 얻어 출세할 징조입니다.

○ 관을 태우고 모자를 태우는 꿈은 관직이 장차 승진됩니다.

○ 모자를 찢는 꿈은 새로운 일을 계획하여 시작할 징조입니다.

○ 모자를 잃어버리는 꿈은 가정생활에 문제가 생겨서 시끄러워질 징조입니다.

○ 모자를 깨끗하게 손질하는 꿈은 어렵던 형편이 나아지고 생활이 윤택해 질것을 예고하는것입니다.

○ 머리의 관을 벗고 맨 머리를 드러낸 꿈은 관직에서 물러날 징조입니다.

○ 몸에 띠를 둘르고 관을 써보는 꿈은 반드시 좋은 일이 있습니다.

○ 금은 보화로 만든 단추를 달고 있는 옷을 입은 꿈은 좋은 동업자를 만나서 매사가 순조롭게 풀립니다.

○ 의복이 저절로 끌러져 보이는 꿈은 매우 길한 징조이나, 허리에 둘른 혁대가 저절로 풀리면 불길함을 알리는 암시입니다. 

○ 의복이 갑작스럽게 헤지는 꿈은 처첩이 딴마음을 갖게되니, 안좋은 일이 생길수 있을 징조입니다.

○ 옷이 바람에 날려 산란해지는 꿈은 병이 생기고 고생하게 됩니다.

○ 새 옷을 만드는 꿈은 혼담이 생깁니다. 그러나 이옷 저옷 갈아 입어보면 흉합니다.

○ 의복을 염색하는 꿈은 나쁩니다. 주소를 변경하는등 이직이 생길수 있으며 여난이 생깁니다. 그러나 여자가 이 꿈을 꾸게 된다면 혼담이 생기게 됩니다.

○ 흰 옷을 수선하는 꿈은 부모나 조상과 관련된 좋지 않은 일이 발생하여 불행한 처지가 될수있습니다.

○ 결혼한 부인이 좋은 옷을 입어보는 꿈은 반드시 배은망덕할 일이 생기는 좋지 읺은 꿈입니다.

○ 사람에게 의복을 주는 꿈은 실직하는 일이 생기기 쉬운며 근심할 일이 생깁니다.

○ 베옷을 입으면 손 윗사람의 상사를 당하게됩니다.

○ 붉은 비단옷을 입어보는 꿈은 출세하고 높은 지위에 올라갑니다.

○ 풀로 만든 옷을 입으면 자신을 도와주는 은인이 생깁니다.

○ 옷소매가 바람에 나부끼면 병이 생길수 있고 옷소매가 물건에 걸려 찢어지는 꿈은 처첩과 이별을 하게되는 징조입니다.

○ 의복이 기름으로 더러워져 보이는 꿈은 은인을 잃게 되는 꿈입니다.

○ 때묻은 옷을 입고 사람들 앞에 나서는 꿈은 명예를 잃고 실패할 일이 생기게 됩니다.

○ 비단으로 띠를 만들어 둘르면 만사가 순조로울 징조입니다.

○ 금실로 수놓은 치마를 선물받는 꿈은 좋은 배우자와 혼담이 오가게 됩니다.

○ 여자가 자기에게 옷을 입혀주는 꿈은 만사가 유리해지는 좋은 꿈입니다.

○ 신발을 버리는 꿈은 부하직원 등 아랫사람이 문제를 일으켜 근심거리가 생길 암시입니다.

○ 남이 나의 신발을 신으면 처첩이 간통할 일이 생깁니다.

○ 신발을 신는 꿈은 안정된 생활을 하여 만사가 편안하게 됩니다.

○ 발에 맞지 않는 신발을 신는 꿈은 부부나 연인 사이에 불신와 애정의 갈등이 발생할 흉몽입니다.

○ 신발이 커서 헐렁한채로 걸어다니는것은 자신의 분수에 맞지 않는 욕심으로 일에 차질이 생긴다는 암시입니다.

○ 신발이 떨어져 보이는 꿈은 처자가 병듭니다. 또한 친척이 뿔뿔이 흩어지게 됩니다. 

○ 신발을 잃어 버리면 재수가 없습니다.

○ 신발 한 짝을 잃어 버리는 꿈은 결혼이 곧 파탄나거나 동업자나 친한 친구, 가족과 이별하게될 암시입니다. 또한, 직장을 잃을 수도 있습니다.

○ 신발을 도둑맞는 꿈은 부부나 애인 사이의 이별을 예고하는 것입니다.

○ 꿈에 삼으로 만든 신발을 보면 백가지 일이 다 잘되며, 이 신을 신으면 운수가 대통합니다.

○ 신발을 얻는 꿈은 귀인의 도움을 받게되는 길조입니다.

○ 새 버선을 신으면 이사할 일이 생깁니다.

○ 버선이 헤져 보이는 꿈은 처자가 병으로 고생하게 됩니다.

○ 양말을 벗는 꿈은 가까운 사람과 이별하게 될 징조입니다.
","15",15
"★ 침상, 바늘, 연장, 그릇의 꿈

○ 침대와 천정을 새로 하거나 교환하면 좋은 배필을 얻고 이사를 하게될 일이 생깁니다.

○ 침상이나, 휘장등이 문을 나가는 꿈은 처첩이 죽게되는 일이 생길수 있으니 조심해야합니다.

○ 침상에 개미나 벌레가 많이 모여드는 꿈은 흉합니다.

○ 침상의 다리가 부러지는 꿈은 고용인이 죽게됩니다.

○ 침상이나 방장등을 넓게 펴는 꿈은 부귀할 징조이며 좋은일로 인해 술이 생깁니다.

○ 침상에서 피가 묻은 것을 보는 꿈은 아내가 간통하고 악한 일이 일어나게되니 조심해야 합니다.

○ 휘장같은 침구가 떨어지고 파괴되는 꿈은 처자가 병에 들 징조입니다.

○ 짚자리를 깐곳에 들어가면 매우 좋으며 이런 곳에서 나가는것은, 반대로 좋지않은 일이 생깁니다.

○ 담요와 이부자리등을 펴는 꿈은 만사가 평온해집니다.

○ 담요나 이불을 찢는 꿈은 흉하고 하는일이 막힙니다.

○ 새로 발을 장만한 꿈은 좋은 아내를 맞이하게 됩니다.

○ 침실에 깐 자리를 파괴하여 보는 꿈은 관직을 잃고 실직하므로 조심해야 합니다.

○ 병풍을 보는 꿈은 장사에 큰 이로움이 생깁니다.

○ 병풍을 둥굴게 둘러 펴보이는 꿈은 친척중에 병으로 곤란을 받는 사람이 생깁니다.

○ 솥이나 남비등이 깨지는 꿈은 매우 흉하며 집안에 상사가 생기게 되니 조심해야합니다.

○ 솥에 끓이는 물건이 넘치는 꿈은 큰 재물이 생깁니다.

○ 구리로 만든 남비를 보면 구설수가 생깁니다.

○ 남비나 술잔, 혹은 소반등이 깨지는 꿈은 흉몽이니, 만사에 소극적으로 행동하고 주의해야 합니다.

○ 수저를 보는 것은 처첩과 자손이 많아지게 됨을 암시하는 것입니다.

○ 화로나 화저를 보게되면 의논중이던 일이 쉽게 성사됩니다.

○ 타인에게서 큰 물통을 받는 꿈은 접답이 생기는 매우 좋은 징조입니다.

○ 나무를 패는 도끼를 보면 중책을 맡게되며 수명또한 길어집니다.

○ 쟁반등을 보면 재산이 늘어납니다.

○ 물통에 물이 비어있는 꿈은 흉하니 손재수가 없어지며, 여의치 못하게 되니 조심히 행동해야 합니다.

○ 물통에 물이 가득있는 꿈은 길하고 재수가 있습니다.

○ 쇠 장도리나 끌을 보면 해를 입게되니, 조심해야 합니다.

○ 톱을 보면 흉하고 난처한 일이 생기게 됩니다.

○ 끌을 보면 일을 만들더라도 반드시 후회하는 사건이 생기니 조심해야 합니다.

○ 새끼줄을 끊는 꿈은 나쁘니 조심해야 합니다. 일이 항상 잘 될것 처럼 보이나 끝이 않 좋아집니다.

○ 바늘과 실을 얻는것은 모든 일에 길하며 좋습니다.

○ 바늘을 잃어 버리는것은 생각했던 일이 순조롭게 되지 않아 마음이 많은 고생을 하게됩니다.

○ 바늘에 실을 뀌어보는 꿈은 윗사람이나, 상사에게 은혜와 귀여움을 받으며 길한 일이 많이 생깁니다.

○ 바늘이 옷에 붙어서 몸에 찔리는 꿈은 아내가 외간 남자와 간통할 마음을 갖게되니, 주의해야 합니다.

○ 들판에 멍하니 서있거나, 헝크러진 실을 푸는 꿈은 일이 잘 진전되지 않습니다. 급하게 행동하면 좋지 않습니다.

○ 남의 비단을 강제로 뺏으면 학문이 퇴보되고 좋지 않습니다.

○ 남에게 실과 솜을 주는 꿈은 매우 흉하니 조심해야 합니다.

○ 포목 두루마리를 남에게서 얻는 꿈은 먼 곳에서 소식이 옵니다.

○ 직물등을 짜는 꿈을 임신한 여인이 꾼다면 예쁜 여자아이를 낳게됩니다.

○ 베나 명주를 짜면 수명이 길어집니다.

○ 베짜는 실을 물레질하면 명이 길어집니다.

○ 베틀이나 직조하는 기구를 보면 먼곳에서 소식이 오거나 사기 당할수 있으니 조심해야 합니다.

○ 자루등의 입구를 바늘로 깁는 꿈은 길하며 장사가 잘 되는 징조입니다.

○ 실을 염색하거나, 물든 실을 보는 꿈은 노력만 할뿐 일에서 결과가 생기지 않게되는 꿈입니다.

○ 실이 얽히고 흐트러진 꿈은 송사가 생깁니다.

○ 솥을 얻으면 금은보석을 얻을 일이 생깁니다.

○ 빗자루가 헤지고 너덜너덜 낡아 보이면 집이 가난해집니다.

○ 남이 빗자루를 줏어 보여주는 꿈은 관인은 승급하게 되며, 보통인은 가업이 번창하게 되며, 미혼자는 좋은 배필을 맞이하게 됩니다.

○ 저울을 보면 장사하는 사람에게는 매우 길합니다. 다만 저울은 소송을 발생시키니 남과의 마찰은 주의해야 합니다.

○ 병 항아리를 보면 길하고 수명이 길어집니다.

○ 다기, 차도구 등을 보면 집이 가난해집니다.

○ 낚시 도구를 만들거나 또는 얻는 꿈은 하는일이 안정되지 못하며, 또한 물가에 갈 일이 생긴다면 주의해야합니다. 물에 빠질 수가 있습니다.

○ 부채를 얻으면 행운이 점점 열립니다. 

○ 부채를 잃으면 처자와 이별할 일이 생기니, 조심해야 합니다.
","16",16
"★ 배, 차, 비행기의 꿈

○ 타고있는 배가 하늘에 날아 오르는 꿈은 크게 부귀할 징조입니다.

○ 배 가운데 물이 있어 보이는 꿈은 재물을 얻게 됩니다.

○ 배를 타고 강을 건너는 꿈은 관직을 얻거나 좋은 스승을 만나게 됩니다.

○ 배를 타고 해와 달을 보는 꿈은 좋은 관직을 얻게 됩니다.

○ 배를 타고 술을 마시는 굼은 멀리에서 친구가 찾아오게 됩니다.

○ 뗏목을 보면 매사가 진척되지 않습니다. 이대는 서두르면 좋지 않으니, 천천히 일을 진행해야 합니다.

○ 배가 물위에 떠서 내게로 오는 꿈은 행운이 열릴 징조입니다. 더구나 보배를 싣고 오는 배라면 만사가 듯대로 되면 자손이 번창합니다.

○ 돛을 단 배가 내 앞을 지나가는것은 흉몽이니, 매사에 주의해야 합니다.

○ 배가 바다 한 가운데 떠 있는 꿈은 마음이 들더있는 꿈이므로 마음을 진정해야만 좋은 일이 생긴다는 암시입니다.

○ 배의 닻을 보면 안정되며 유망해 집니다. 미혼자라면 애인을 얻게 됩니다.

○ 노릿배나 나룻배를 타는것은 매사에 일의 진전이 느리다는 것입니다. 그러니 일을 함에 서두름이 요구되니, 속히 일을 한다면 좋을것입니다.

○ 병자와 같은 배를 타고 있는것은 매우 흉합니다. 죽을 수도 있으니 각별히 조심해야 합니다.

○ 가족이 모두 배를 타는것은 재산이 탕진될수 있음을 알리는 암시입니다.

○ 몸이 배 한가운데에 있어 보이는 수는 그 사람이 죽게 됩니다. 매사에 각별히 조심해야 합니다.

○ 배가 뒤집히고 풍랑이 거센것은 여자로 인해 고생을 하게 된다는 암시입니다. 또한 손 아랫사람에게서 사기를 당할수 있음을 암시하는 것입니다.

○ 마차나 차 바퀴가 파괴되는 꿈은 부부간에 이별할 수가 생깁니다.

○ 마차나 차 바퀴의 대가 부러지는 꿈은 재산이 탕진될 수가 있음을 암시합니다.

○ 차를 탔는데, 가지않는 꿈은 구하는 바를 얻지 못합니다.

○ 차를 타고 유람을 하는 꿈은 관직이 승급됩니다.

○ 차를 운전하고 가는데 길이 안개로 자욱하면 하는일에 어려움이 가중되며 일이 풀리지않게됩니다.

○ 차가 물가에 빠져있으면 좋지못합니다. 점차 물이 넘쳐나면 하고있던 사업이 점차 망하게된다는 징조입니다.

○ 차에 불이 나는 꿈은 사업이 크게 성공할 징조이다.

○ 차를 타고 꽃 구경을 하며 꽃놀이를 하는 꿈은 의식이 생기며 주식과 같은 돈이 생깁니다.

○ 차를 타고 넓은 도로를 시원하게 달리는 꿈은 좋은 배우자나 애인을 만나게 되고, 일에있어서 승진과 성과를 얻게됩니다.

○ 수레를 타고 그대로 문으로 들어가는 꿈은 흉몽이니 매사에 조심해야 합니다. 

○ 가마를 타는 꿈은 불길하며 처자와 이별을 하는 수가 생깁니다.

○ 가마를 타고 문으로 들어오는 꿈은 흉하고 빈 가마가 들어오는 꿈역시 불길하며 근심이 끊이지 않습니다. 

○ 가마가 엎어지는 꿈은 좋고 출세를 합니다.

○ 명산고적을 유람하는 꿈은 오랫동안 만나지 못한 친구를 만나거나 고향소식을 듣게 됩니다. 

○ 비행기가 하늘을 나는 꿈은 현재 하고있는 사업이 차츰 호전되어 갈 징조입니다.

○ 비행기가 추락하는 꿈은 지금까지 이룩한 모든 것이 곤두박질하게 될 것을 암시하는 것입니다.

○ 비행기가 하늘에서 폭파되는 꿈은 이때까지의 생활을 버리고 새로운 생활을 시작하게 됩니다.

○ 신분이 높은 사람과 비행기를 타는 꿈은 직장에 취직하거나 좋은 조건의 제의를 받아서 기쁘할 징조입니다.

○ 비행기나 차, 배를 조정하는것은 신분이 오를 징조입니다.
","17",17
"★ 칼, 화살, 전쟁의 꿈

○ 칼이 물속에 떨어지는 꿈은 처첩이 죽게됩니다.

○ 꿈에 긴 칼을 보게되면 처첩이 싸움을 하게 됩니다.

○ 칼을 빼들고 나들이를 하는 꿈은 만사가 모두 재수 있습니다.

○ 칼을 허리에 차고 먼길을 떠나는 꿈은 재물을 얻게되는 징조입니다.

○ 여자가 큰 칼을 찬 꿈은 매우 길한 꿈입니다. 좋은 일이 끊이지 않습니다.

○ 여자가 큰 칼을 빼어 든 꿈도 대길합니다. 

○ 칼이나 창을 날카롭게 갈아 보이는 꿈은 재수가 있고 대길합니다.

○ 칼이 침상 머리맡에 놓여 있는 꿈은 백사가 길한 꿈이며, 머리가 맑아집니다.

○ 남에게서 도끼를 얻으면 매우 길하며 관직이 올라갑니다.

○ 창이나 방패에 빛과 광채가 나 보이면 지위가 올라가고 식록이 생깁니다.

○ 깃발이나 등속을 보는 꿈은 크게 귀하게 되는 좋은 징조입니다.

○ 몸에 갑옷을 입어보는 꿈은 모든일에 있어 길합니다.

○ 북을 쳐서 소리가 나는 꿈은 먼 곳에서 친한 사람이 오거나 좋은 소식을 듣게 됩니다.

○ 종이나 북이 크게 울리는 꿈은 관직이 오르고 식록이 생깁니다.

○ 종이 저절로 울리면 먼 곳에서 소식이 옵니다.

○ 종을 때려도 소리가 나지 않으면 매우 흉하니, 조심해야 합니다.

○ 창과 칼등으로 무장한 군대행렬을 보면 모든 일에 조심해야합니다.

○ 칼을 구하는 꿈은 장사하는 사람에게 크게 좋습니다.

○ 검과 칼의 꿈은 그 끝이 예리하고 날카로울수록 좋다 할수 있습니다. 이와 같은 꿈은 복록과 무사안일과 같은 평온함을 가져다 줍니다.  

○ 모든 사람을 거느리고 도적을 물리치는 꿈은 바라던 것을 얻게되고 소원을 이루게 됩니다.

○ 군졸을 거느리고 행진하는 꿈은 기쁜 일이 생깁니다.

○ 모든 사람을 거느리고 도적을 물리치는 꿈은 바라던 것을 얻게되고 소원을 이루게 됩니다.
 
○ 내가 남을 활로 소아보는 꿈은 내가 먼길을 가게되고 내가 화살에 맞는다면 입신출세할 운이 열립니다.

○ 화살이 비 오듯 하는 꿈은 좋은 보배를 얻게되는 것이고 내가 화살에 맞는 꿈은 입신출세하게 됩니다.

○ 화살을 맞는것은 지위가 상승하거나, 시험에서 합격할 조짐입니다.

○ 화살을 품에 지니고 있는 꿈은 매사가 잘 풀리고 경제적인 여유를 가지며 사회생활도 안정된 지위를 누리게 됩니다.

○ 화살이 꺾어진 것을 보면 계획을 보류하고 시기를 기다려야 한다는 암시입니다.

○ 남이 나에게 궁노를 보내는 꿈은 남의 도움을 받게되는 암시입니다.

○ 활 시위를 당겼을때 활이 부러지는 꿈은 매우 흉하니 각별히 조심해야 합니다.

○ 화살이 부러지는 꿈은 하는일이 점차 어렵게 됨을 암시합니다.

○ 활과 화살을 가져보면 만사가 형통합니다.

○ 활 시위가 끊어지는 꿈은 형제 자매가 흩어질 징후입니다.

○ 공을 치는 꿈은 농사짓고 씨부리는 농업인에게 매우 길합니다.

○ 전쟁에서 패배한 꿈은 매사에 하는 일마다 실패를 하게 됩니다.

○ 전쟁터에서 적을 국경 박으로 몰아내며 물리치면 길하고 물리치지 못하면 흉합니다.

○ 전쟁이 나서 피난을 떠나는것은 남에게 부탁한 일이나 집안 사정으로 일이 제대로 풀리지 않게됩니다.

○ 전쟁에서 승리하는 꿈은 진행중인 일을 성공적으로 마무리지어서 주위의 부러움을 사게 될 징조입니다.

○ 전쟁에서 적장의 머리를 얻거나 보는것은 일에있어서 순조롭게 진행되고 수확이 얻어되며 권리와 명예도 동시에 얻습니다.

○ 적군과의 싸움에서 적을 죽이는 꿈은 앞으로 사업이 크게 번창할 징조입니다.

○ 전쟁터에서 적의 창이나 칼에 찔리는 꿈은 재물과 이권을 얻거나 원하는 목표를 이루면서 여러 사람들의 추대 내지 존경을 받습니다.
 
○ 전쟁터에서 싸우다 사망하는 꿈은 소망하는 목적의 성취 및 직장의 승진, 영전 또는 재물과 사업이 번창하는 발전을 합니다.
","18",18
"★ 책과 문구의 꿈

○ 오색이 영롱한 경서를 보면 크게 부귀해 집니다.

○ 오색 종이를 받거나 갖게되면 큰 재물을 얻게 됩니다.

○ 달력이나, 일력 또는 책을 얻게되면 수명이 길어지게 됩니다.

○ 점장이에게서 점을 쳐보는 꿈은 병을 앓게 됩니다.

○ 교실에서 자신의 책상과 의자를 찾지 못하는 꿈은 고시, 취직, 입사 등에서 실패하게됩니다.

○ 조그마한 책꽂이의 책을 정돈하는 꿈은 계획이 수포로 돌아갈수 있음을 경고하는 것입니다.

○ 책상 서랍을 정리하고 있는것은 어려움을 극복하고 좋은 시절이 오고 있다는것을 알려주는 것입니다.

○ 책상위에 책이 가지런히 있으면 그 꿈을 꾼 사람은 복스런 위치에 나아가게 됩니다.

○ 책상 위에 가지런히 놓인 경전이나 문서 등을 보는것은 시행하는 사업이 번창하고 재물과 권리가 풍부해지는 등 부귀, 발전과 안정을 누립니다.

○ 다른 사람의 책상 위에있는 책이나 문서를 읽는 꿈은 조만간 비밀스럽거나 부정스러운 곳과 관련된 일을 하게 된다는 암시입니다.

○ 다른 사람의 책상에 앉는 꿈은 입학시험에 합격하거나 취직이 되거나 선거에 당선될 징조입니다.

○ 다른 사람의 책이나 문서를 훔치는 것은 생각했던 목적이나 소망이 달성되고, 그로 인해 명예가 상승하게 됩니다.

○ 책을 열씸히 읽으면 귀한 자식을 얻게 됩니다.

○ 책을 많이 소유하거나 읽는것은 길몽이며, 임산부가 이 꿈을 꾸었다면 장차 학문에 큰 뜻을 품어서 대성할 아이를 낳게 될 태몽입니다.

○ 남에게서 책을 받거나 글을 가르쳐주는 꿈은 부귀와 명예가 생깁니다.

○ 상대방이 읽고 있는 책을 훔쳐 보는것은 앞으로 일어날 일의 의중을 알게되고 선점을 취할수있게 됩니다.

○ 책을 얻어서 글을 읽는것은 학문 연구에 관련된 직업을 얻거나 일에서 성과를 얻게됩니다.

○ 금빛 찬란한 책을 받는것은, 문서상 경사가 있고 매우 좋은 결과를 얻거나, 횡재, 물품 등이 생깁니다.

○ 책 표지에 금박을 입혀있거나 내가 금박을 입힌다면, 우수한 문학작품을 창작하여 출판하거나, 큰 상을 탈 일이 생기며, 입학, 승진, 당선, 합격, 취득, 상장, 훈장 등과 관련된 경사가 있습니다.

○ 책을 빌리는 꿈은 다른 사람의 수하에 들어가거나 다른사람의 지시를 따르게 됩니다.

○ 책을 찢는 꿈은 윗사람에게 저항하거나 학업을 중도에 포기하게 될 징조입니다.

○ 책을 펼쳤지만 글자가 없는 백지만 보이는것은 장애와 문제가 생겨서 손실이나 어려움을 당하고, 중요한 약속이나 목적이 도중에 깨어진다는 암시입니다.

○ 책장은 보이는데 그 안에 책이 없는 꿈은 공부나 일을 시행하다가 중도에 그만 두고 많은 난관을 당하던지, 아니면 큰 실패수가 있게됩니다.

○ 벼루를 보면 매우 길하고 재수가 있습니다.

○ 벼루나 먹을 사는 꿈은 모든 일이 잘 풀려 마음이 편안해지면서 가정도 안락하게 됩니다.

○ 먹을 보면 귀인을 만나게 됩니다.

○ 종이나 책을 먹는 꿈은 명성을 널리 떨치거나 공부와 관련된 일로 큰 이익을 얻게 될 것입니다.

○ 남이 나에게 먹을 주면 학문이 진전되고 글공부가 많이 발전됩니다.

○ 시험에 떨어져서 슬퍼하거나, 많은 사람들로부터 질책을 받는 꿈은 어떤 일이든 순조롭게 진행되며, 시험칠 일이 있으면 무난히 합격하게됩니다.

○ 붓에 꽃이 피는 꿈은 문장으로 천하를 다스리게 됩니다. 

○ 붓으로 큰 글씨를 쓰는 꿈은 사해에 이름을 떨치고 소망을 이루게 되는 큰 기쁨이 있습니다.

○ 증서나 문서를 보게되면 친척이 서로 다투게 됩니다. 그러나 증서를 태우는 꿈은 주식과 같은 돈이 생기게 됩니다.
","19",19
"★ 진귀한 보물의 꿈

○ 금은 보배를 취급해 보는 꿈은 크게 부귀하고 번창할 징조입니다.

○ 금이나 은으로 된 남비나 솥을 만드는 꿈은 큰 부자가 될 징조입니다.

○ 금이나 옥으로 만든 빗을 얻는 꿈은 귀한 자식을 얻게 됩니다.

○ 황금으로 만든 비녀와 빗을 보는 꿈은 애첩이 생길 징조입니다.

○ 황금이 수 놓아져있는 화려한 옷을 입는 꿈은 많은 사람의 주목을 받아서 이름을 날리게 됩니다.

○ 금관을 쓰는 꿈은 아주 높은 명예와 권세를 누리면서 살게 된다는 암시입니다.

○ 금비녀 또는 황금장식등이 요동해 보이는 꿈은 먼 길을 떠날일이 생깁니다.

○ 금반지를 줍는 꿈은 직장에서 승진하거나 사업에 있어서 중요한 계약을 하게 되는 등 행운이 따릅니다.

○ 금 쌍가락지를 손에 쥐고있는 꿈은 지금 추진하고 있는 계획이나 사업은 시간이 지나야 성사될 것을 암시합니다.

○ 비녀를 사는 꿈은 처첩을 얻게되며 비녀를 떨어뜨리거나 잃으면 먼길을 떠나게 됩니다.

○ 빗을 보는것은 길하며 소원성취하고 빗이 꺽어지면 부부가 이별하게 됩니다.

○ 구슬을 취급해보면 행운이 오고 재수가 있습니다. 다만 경솔히 취급하면 실패하는 수가 있으니, 신중해야만 좋습니다.

○ 입으로 보석을 토하는 꿈은 큰 은혜를 받게됩니다.

○ 보석과 옥이 산같이 쌓여있는 꿈은 흉하며 매사에 실패하기 쉽습니다.

○ 보석을 줍는 꿈은 예상하지 못한 사고가 생겨 피해를 보게 될 흉몽입니다.
 
○ 보석을 잃고 안타까워하는 꿈은 중요한 것을 잃어버릴 수 있다는 암시입니다.

○ 손안에 다이아몬드가 쥐어져있는것은 일확천금을 손으로 만지거나, 예상치 못한 큰 행운을 얻습니다.

○ 비취 알맹이가 많이 쌓여있는것을 보면 재수가 대통하고 마음먹은 대로 일이 잘 풀려서 큰 결과를 성취합니다.

○ 주옥이 품안에 가득 쌓여있는 꿈은 역시 흉하며 가산이 없어지기 쉽습니다.

○ 집안의 재물을 서로 나누는 꿈은 친척이 흩어질 징조입니다.

○ 사람에게 전곡을 반환하는 꿈은 병이 생깁니다.

○ 납종류의 무거운 금속의 꿈을 꾸면 재물을 얻게 됩니다.

○ 녹슨 쇠를 보면 흉하고 반드시 놀랄일이 생깁니다.

○ 철로만든 돈, 무쇠로 만든 돈을 보는 꿈은 봄여름은 길하고 가을, 겨울은 흉하게 됩니다.

○ 동전을 얻었는데 깨끗하고 빛나면 크게 부귀합니다.

○ 동전을 줏었는데 때가 뭍어있고 녹이 쓸어있으면 건강이 나바지며, 근처에 장기간 병석에 누워있던 사람의 사망소식을 들을 징조입니다.

○ 동전이 많이 쌓여 있어서 자루에 담아 가지는 꿈은 주식투자나 복권에 당첨되는 등의 행운이 따르게됩니다.

○ 하늘에서 동전이 쏟아지는 꿈은 여러 가지 행운이 찾아오고 재물이 모입니다.

○ 지폐를 받는 꿈은 직장이나 사업에 발전이 있어서 매사에 안정을 이루게 됩니다.

○ 지폐나 동전이 하늘에서 쏟아지는 꿈은 재물이나 이득을 매우 많이 얻게 된다.

○ 지폐가 문서나 편지로 변하는 꿈은 다른 사람의 소식을 듣고 근심걱정이 생깁니다.

○ 지폐가 바람을 타고 집안으로 들어오는 꿈은 먼 곳에서 우편물이나 기쁜 소식을 듣게됩니다.

○ 상자등의 속을 들어다보면 구설이 많이 생깁니다.

○ 입신출세를 하거나 큰 횡재를 하면 흉하고 불길하니 반드시 손재수가 생깁니다. 또한 남에게 질투를 받게 됩니다.

○ 집터에서 금은보화 등의 보물을 얻게되는 꿈은 제조업이나 농업에 투자하여 좋은 성과를 올리며, 횡재수로 엄청난 재물이 생깁니다. 부녀자가 이 꿈을 꾸면 임신할수도 있습니다.
","20",20
"★ 거울의 꿈

○ 거울이 밝게 빛나면 길하고 어둡게 보이면 흉합니다.

○ 거울을 선물받는 꿈은 타인에게 축하받을 기쁜 일이 생기거나, 천생연분을 만나게 될 징조입니다.

○ 깨끗한 거울을 보는 꿈은 길합니다. 다만 거울이 흐릴 때에는 병이 들거나 사기를 당하게되고 질투를 받게 됩니다.

○ 새 거울을 구입하거나 선물을 받아 가슴에 품는것은 남녀간의 애정문제에 큰 기쁨이 있거나, 맘에드는 좋은 배우자을 만나게 됩니다.

○ 거울이 깨지면 동업자나 부부가 이별을 할 일이 생깁니다. 또한 집안에 불행이 찾아옵니다.

○ 거울이 깨지거나 금이 간것을 보면 가정파탄, 이혼 등의 좋지않은 일이 생기거나, 사업적으로는 어려운 상황에 처하게 된다.

○ 거울을 봤을때 눈썹이 하얗게 보이는 꿈은 명망이 높아져 많은 사람들에게 존경을 받게 되고 사회적으로 고귀한 대접을 받게 된다는 암시입니다.

○ 거울을 들여다보는데 거울 속에서 아무 것도 보이지 않는 꿈은, 소망하는 일이나 사업 등의 일들이 목적한 대로 이루어지지 않는다는것을 말합니다.

○ 거울이 깨끗하지 못하고 뿌옇게 흐려있다면 자신이 남을 속이고 있거나 반대로 다른 사람에게 자신이 속고 있음을 나타내는 꿈입니다.

○ 거울에 자기가 미워하고 싫어하는 사람이 보이는것은 가까운 시일안에 불쾌한 사람을 만날 일이 생긴다는 징조입니다.

○ 거울 속에 전혀 모르는 사람이 나를 처다보는 꿈은 배우자나 애인에게 궂은 일이 생겨서 고생할 징조입니다. 

○ 거울에 모르는 사람의 모습이 비춰진다는것 자체는 타인과 얽히는 일이 생긴다는 흉몽입니다.

○ 거울로 자신의 얼굴을 보면 먼곳의 친구가 찾아옵니다.

○ 거울에 자신의 모습을 비춰 보는 꿈은 어려움을 같이 하거나 자신을 이해해 줄 수 있는 친구가 다가오거나 생깁니다.

○ 거울에 비친 자기의 얼굴이 검어 보이는 꿈은 누군가와 시비거리가 생겨 다툼이 일어나거나 괴로운 일이 생깁니다.

○ 거울을 통해 자기 치아가 하얗게 반짝이는 꿈은 건강, 성공, 행복 등이 찾아 오는 좋은 꿈입니다.

○ 거울에 자신의 벗은 몸을 비춰보는 꿈은 반가운 사람을 만나게디는것이며, 한편으로는 그 사람의 청탁을 들어주게 됩니다.

○ 거울 앞에서 자신이 입고있는 옷을 모두 벗는 꿈은 몹시 반가운 사람을 만나는데 그 사람으로부터 좋지못한 소식을 듣게 됩니다.

○ 거울을 길에서 줏으면 좋은 배우자를 맞이하게 됩니다.

○ 거울을 보면서 예쁘게 화장하는 꿈은 주변사람의 마음을 움직여 나를 따르게 만듭니다.

○ 남이 거울을 가지고 희롱하는 꿈을 꾼다면 처첩이 외간남자와 간통하는 일이 생기니 조심해야 합니다.

○ 남이 거울 앞에서 정성들여 화장하고 치장하는것을 보면 남에게 속을수있으며, 거울속 상대가 아는 사람이라면 그 사람을 조심해야합니다.

○ 맘에드는 화려한 옷을 입고 거울을 보는 꿈은 집에 귀한 손님이 찾아올 것을 의미합니다.
","21",21
"★ 무덤과 관, 시체의 꿈

○ 무덤이 깨끗하게 정돈되어 있는것을 보는 꿈은 귀인의 도움으로 일이 순조롭게 성사될 길몽입니다.

○ 무덤을 파는 꿈은 새로운 일을 시작하거나 하고 있는 일을 완성하게 됩니다.

○ 무덤이 크고 높은것을 보는 꿈은 만사가 대길하고 재수가 대통하게 됩니다.

○ 무덤 위에서 구름이 일어나는 꿈은 대길하며 운수대통 합니다.

○ 무덤에서 빛이 나오는 꿈은 사회에 이름을 날리고 많은 재물을 모으며 반가운 사람을 만나게 됩니다.

○ 무덤은 밝아 보이면 길하고 어두워 보이면 흉합니다.

○ 무덤 속에서 관이 저절로 나오는 꿈은 재운이 대통합니다.

○ 무덤이 저절로 갈라 지거나, 스스로 무덤 문이 열리면 백사가 대길하게 됩니다.

○ 무덤위에 꽃이 피어있다면 안될일도 잘되고 운수가 만사 대통합니다. 집안에 임산부가 있다면 귀한 자식을 얻게 됩니다.

○ 무덤위에 불길이 일어나면 재운이 대통해지고 여러 사람의 도움을 받습니다.

○ 무덤에 창문이 나 있는 꿈은 대길하며 만사 여의하고 운수 대통합니다.

○ 관을 만드는 곳의 목재를 보면 재물을 얻게 됩니다.

○ 관에서 죽은 사람이 나오는 꿈은 의외의 손님이 찾아옵니다.

○ 시체가 몹시 썩어 그 냄새가 고약한 꿈은 반드시 재물을 얻게 됩니다.

○ 시체를 이불이나 천으로 덮는 꿈은 본인의 일에서 큰 성과가 나오며 재물을 오래오래 간직하게 됩니다.

○ 시체를 태우는 불길이 점차 거세지는 꿈은 만사가 크게 번창하고 잘 풀릴 징조입니다.

○ 시체를 만지거나 목욕시키는 꿈은 매사에 재수가 있으며 재물이 본인에게 크게 들어올 조짐입니다.

○ 시체에 절을 하는 꿈은 유산을 상속받거나 많은 재물을 얻어서 횡재하게 됩니다.

○ 시체 앞에서 혼자 울고있는 꿈은 사업의 성과가 크게 나오며, 머지않아 시밍힌 사람의 유산을 자신이 전부 상속받게 됩니다.

○ 시체 앞에서 다른 사람과 함께 우는 꿈은 유산이나 사업성과를 놓고 서로 다투게 될 징조입니다.

○ 시체가 이곳 저곳에 널려있는것을 보는 꿈은 능력을 크게 발휘하여 사방의 다른 사람들에게 인정받게 됩니다.

○ 시체의 썩은 냄새를 맡는 꿈은 재물이 한없이 늘어나 큰 부자가 될 좋은 꿈입니다.

○ 시체에 구더기가 우글거리는 꿈은 현재 진행중인 일이 성공하여 재산상의 이득이 생기게 됩니다.

○ 시체를 닭이 파먹고 있는 꿈은 부부간이나 부모자식간에 이별을 암시해 줍니다.

○ 시체를 담은 관이 마당에 놓여있는 꿈은 일을 마무리하기도 전에 금전이 먼저 들어오게 됩니다.

○ 시체를 집 밖으로 던져버리는 꿈은 순조롭게 진행되던 일에 문제가 생겨 고전을 하거나, 어렵게 얻은 재물이나 명성을 잃게 됩니다. 

○ 시체가 다시 살아나는 꿈은 현재 진행중인 일이 실패하게 된다는 것을 암시합니다.

○ 시체가 자신을 쫓아오는 꿈은 시작할 때는 승산이 있어서 시작했지만 나중에는 경제적인 어려움을 겪게 됩니다. 

○ 관속에 넣어둔 시체를 얻는 꿈은 큰 재물을 얻습니다.

○ 관속의 시체가 뼈만 남아 있는 꿈은 본인이나 본인의 일이 여러사람에게 소개되는 기쁨을 누리게 됩니다.

○ 관속에 살아 있는 사람이 들어가는 꿈은 사기꾼의 꼬임에 넘어가 낭패를 보아서 일을 그르치게 될수있습니다.

○ 차나 수례에 시체를 싣고 달리는 꿈은 상당 기간동안 재물이 따르게 됩니다.

○ 속이 비어 있는 관을 들고 있는 꿈은 사기를 당하거나, 부부가 이별할 정도로 심히 다투게 될 징조입니다.

○ 나나 남이 살아있는 채로 관속에 들어가는 꿈은 서로 다투고 송사가 일어나게 됩니다.

○ 배우자의 시체를 발견하고 놀라는 꿈은 배우자에게 커다란 행운이 찾아올 꿈으로, 잘 풀리지 않던 일이 한꺼번에 풀리게 되고 걱정거리가 사라집니다.

○ 승려나 신부, 수녀등 종교인의 죽은 시체를 관속에 안치하는 것은 몹쓸 질병이 발병하거나, 우환 등 불상사를 당하게 됩니다.

○ 여러 무덤 속에서 자신의 무덤을 찾지 못하는 꿈은 자신을 도와줄 사람이 없다는 암시입니다.

○ 무덤에서 손이 나오는 꿈은 흉몽입니다. 경제적으로 시달리게 되며 만사가 편하지 못합니다.

○ 저수지의 맑은 물에서 시체를 건지는 꿈은 뜻밖에 횡재하여 거금을 손에 쥐게됩니다.

○ 흙을 파헤치자 해골이 나온 꿈은 자신의 성실함을 인정받고 재물, 증서 등을 얻게 됩니다.
","22",22
"★ 꽃과 나무의 꿈

○ 잎사귀가 무성한 나무에 꽃이 피어 만발한 꿈은 대길합니다.

○ 큰 나무가 홀연히 부러지는 것을 보면 대흉한 징조이니 사람이 죽게 됩니다.

○ 큰 나무위에 올라가는 꿈은 지위가 높아지고 출세할 징조입니다.

○ 큰 나무를 등이나 어깨에 짊어지면 재물을 얻게 됩니다.

○ 나무위에서 떨어져 부상을 당하면 불길한 징조이니 우환이 생길수 있습니다.

○ 마른 나무에 꽃이 피는 꿈은 자손이 번창해집니다.

○ 나무를 심는 것은 대길합니다.

○ 나무가지를 꺽거나 바람이 불어 잎이 떨어지는 꿈은 부부가 이별하고 형제가 흩어질 징조입니다.

○ 나무에 과일이 주렁주렁 달린 꿈은 재운이 대통하고만사가 뜻대로 이뤄집니다.

○ 나무를 심거나 키워보는 꿈은 길한 꿈이지만, 이는 일을 서둘지 말라는 암시입니다.

○ 나무가 단풍으로 변하는 꿈은 매사에 경솔을 금하고 신중하라는 암시입니다. 이는 전화위복의 암시이기도 합니다.

○ 나무가 말라 죽어 있으면 집안이 불편해 집니다. 잎이 떨어진 나무를 보는것 역시 좋지 않습니다.

○ 나무가 지붕위에 떨어져 보이는 꿈은 대단히 길하며 재물이 생기고 운수가 대통합니다.

○ 숲 가운데에 높은 나무를 보는 꿈은 귀한 아들을 낳게 됩니다.

○ 숲속에서 앉거나 누우면 병이 완치되게 됩니다.

○ 숲이 울창하고 무성해보이면 만사가 좋은일만 생깁니다.

○ 소나무에 꽃이 피는 것을 보는 꿈은 만사에 결실을 보거나 장래에 영화를 부릴 수 있는 길몽입니다.

○ 소나무에 푸른 솔방울이 많이 열려 있는 꿈은 재물과 돈이 생기고 먹을것이 들어오며, 사업의 발전, 투자 성과, 임신, 명예 등이 생깁니다.

○ 소나무와 대나무는 자손의 번창을 암시합니다. 그러니 이들 나무가 잘크거나, 잎이 떨어지고 마른것으로 자손의 번창을 알수있는것입니다.

○ 소나무와 대나무등이 울창해 보이는 것은 만사 형통합니다.

○ 대나무가 뜰앞에 난 것을 보면 대길하고 만사가 유리합니다.

○ 대나무의 죽순을 꺽어 집으로 가져가는 꿈은 아내가 아들을 낳게 됩니다.

○ 대나무를 많이 베어서 오는 꿈은 재물이 생기거나 새로운 계획을 추진해 나가게됩니다.

○ 집안에 잣나무나 소나무같은 상록수가 나 보이는 꿈은 대길한 꿈입니다. 운수가 대통합니다.

○ 집안에 있는 나무에서 열매가 맺는 꿈은 귀한 자식을 얻게 됩니다.

○ 떡갈나무등이 번창차고 높이 솟아 있는것은 만사가 길한 꿈입니다. 

○ 월계수를 보면 반드시 기쁜일이 생기며 기혼자라면 처가의 유산을 얻게 됩니다.

○ 단풍나무가 지붕위에 자라 나 보이는 꿈은 만사가 잘되는 징조입니다.

○ 느티나무를 보면 다투는 일이 생깁니다.

○ 뽕나무가 울창한 길을 걸으면 자손이 번창하고 뽕잎이 떨어진 곳을 가면 일이 잘 풀리지 않습니다.

○ 뽕나무가 문앞의 층계에 있으면 만사가 흉합니다

○ 나무위에 난초가 나 보이는 꿈은 자손이 번창하게 됩니다.

○ 오이넝클에 오이가 열려있는 꿈은 아내에게 나쁜 일이 생깁니다.

○ 오이넝클을 뱀이 감고 있는 꿈은 배우자 이외에 다른 사람과 관계를 맺게됩니다.

○ 오이를 먹거나 보는 꿈은 가족의 건강에 이상이 오고 있다는 신호입니다.

○ 과일이 많이 열린 과수원길을 가는것은 재물이 생깁니다.

○ 과실이 열려있는 나무사이를 산책하는 꿈은 재물을 얻게 됩니다.

○ 대추, 배 등의 과일이 잘 익어있는 꿈은 자손이 잘되는 징조입니다.

○ 대추를 따거나 먹는 꿈은 벼슬운이 있어서 승진하고 임산부가 이 꿈을 꾸면 귀한 자식을 얻을 징조입니다.

○ 매화꽃이 만발한 꿈은 집안의 명성이 멀리 알려지고 매화나무에서 열매가 열리면 귀한 자식을 낳게 됩니다.

○ 홍 매실을 꺽으면 귀인을 만나 운이 열리고 백매가 우거진 나무사이를 걸으면 여난이 생기며 고생하게 됩니다.

○ 밤을 보면 친한 사람과 이별하거나, 먼길을 떠날일이 생깁니다.

○ 밤을 먹는 꿈은 이별이나 어려움이 생기고 구설수에 오르게 됩니다.

○ 알밤을 주머니속에 주워담는 꿈은 좋습니다. 실속있는 이익을 얻게 되며 재산이 증가할 징조입니다.

○ 감자등을 보면 귀한 자식를 얻게 됩니다. 만일 타인에게 주면 금전상의 곤란함을 격게됩니다.

○ 연못 가운데 연꽃이 피어있으면 귀한 자식을 얻게되고 만일 연꽃을 심는다면 남의 시기와 질투를 받게됩니다.

○ 씨앗을 뿌리는 꿈은 남에게 원성을 듣기 쉽습니다. 이때는 마음을 순하게쓰면 오히려 화가 복이 되어옵니다.

○ 꽃등을 꺽는 꿈은 조속히 일을 진행하라는 암시입니다. 특히 꽃의 꿈은 남과의 거래에 대해 빠른처리를 암시하는것으로 빠르면 이익이 생기고 늦으면 좋지않게 됩니다.

○ 죽순이 성장하는것은 길하며 입신출세의 징조입니다. 다만 지금의 일이 있다면 조속히 맺음을 두어야 좋을것 입니다.

○ 호박과 참외등의 넝클식물이나, 버섯등의 꿈을 꾼다면 현재 진행중인 일을 조속히 끝내야 좋습니다. 시간이 지체되면 엉키는 일이 발생합니다.

○ 넓은 들판에 나무하나가 홀로만 서있다면 사업하는 사람에게는 고독과 근심이 생긴다는 암시입니다. 이 나무에 오르는 것은 구설이 생기는 암시입니다. 

○ 인삼이나, 삼밭이 무성하여 마치 숲과 같아 보이는 꿈은 만사 뜻대로 되는 길몽입니다.

○ 인삼을 얻거나 보는 꿈은 여러 방면으로 남의 이목을 한 몸에 받으며 좋은 성과가 생깁니다.

○ 삼의 대가 소리를 내는 꿈은 병과 근심이 생깁니다.

○ 화초를 남에게 나누어 주면 집안의 재물이 흩어집니다.
","23",23
"★ 농사, 곡식의 꿈

○ 논 가운데 풀이 푸르게 나 보이는 꿈은 재물을 얻게됩니다.

○ 농사를 짓는 꿈은 재물을 얻고 대길합니다.

○ 논과 밭을 개간하는 꿈은 행운이 찾아오며 재물이 들어옵니다.

○ 논에 모내기를 하는것을 보는 꿈은 관리는 지위가 오르며 상인은 장사가 잘됨니다.

○ 논이나 밭에 단비가 내리는 꿈은 경제적인 안락함과 사업이 발전할 것을 암시하는 것입니다.

○ 논에 물이 차서 넘치는 꿈은 생활이 풍족해지고 많은 재물을 얻어 일신이 안락하게 된다는 암시입니다.

○ 논에 물이 말라있는 꿈은 주위 사람들로부터 외면당하고 가난한 생활을 하게 될 징조입니다.

○ 논둑에서 개구리들이 시끄럽게 울고 있는 꿈은 시비에 휘말리고 일이 지연되는 징조입니다.

○ 논두렁에 빠져 있는 소를 구해주는 꿈은 기울어가던 가산, 사업 등을 구해낸다는 암시입니다.

○ 남을 시켜 농사를 짓는 꿈은 재수가 있으며 대길합니다.

○ 산중에서 농사를 짓는 집으로 향하는 꿈은 재수가 있고 길합니다.

○ 산중에 농사짓는 집에 들어가는 꿈은 의식이 생기고 길합니다.

○ 오곡이 무성해 보이는 꿈은 재수가 있으며 재물과 행복이 쌓입니다.

○ 벼를 논에 심는 꿈은 출타할 일이 생깁니다. 벼를 베는 꿈 역시 출타할 일이 생깁니다.

○ 벼가 잘 무르익는 꿈은 시행하는 일이 잘 진척되며 성숙기에 접어든 것을 의미합니다.

○ 벼나 보리가 풍년이 되어 결실이 잘 맺혀있는 꿈은 몸이 편안해지고 재물이 생깁니다.

○ 벼가 익었는데 위에 새들이 앉아 쪼아먹는 꿈은 사업에서 방해자가 나타날 것을 알려주는 암시입니다.

○ 벼를 베고 볏단을 쌓는것은 학생은 성적이 기대 이상으로 올라가고, 논문을 준비하는 사람은 논문이 통과되고 생활인은 큰 재물을 얻게됩니다.

○ 벼를 타작하는 꿈은 주변의 환경이 안정되고 사업이 번창하여 부귀와 영화를 누리게 됩니다.

○ 쌀과 보리를 넓은 지역에 뿌리는 꿈은 애쓴 보람이 생기며 큰 돈이 들어오게 됩니다. 

○ 보리밭에서 양이나 염소가 보리를 입에 무는것은 횡재수가 있을 징조입니다. 동시에 자손이 영화로울수있는 암시이기도 합니다.

○ 오곡이 잘 익어 수확하는 꿈은 주식과 같은 돈이 생깁니다.

○ 곡식이 창고에 가득 쌓여있는 꿈은 사업이 번창하고 혼담이 성립되며 소송에 승리하게 됩니다.

○ 오곡이 풍성하나, 아직 익지 않은 꿈은 점차 운이 열리게될 징조입니다.

○ 보리나 벼의 이삭이 나와있는 꿈은 큰 재물을 얻게 됩니다.

○ 곡물을 받거나 얻는 꿈은 길한 일이 생깁니다. 쌀섬을 보는 것도 길합니다.

○ 쌀이 하늘에서 비오듯 쏫아 내리는 꿈은 대길하며 만사 형통합니다.

○ 쌀위에 앉아 있는 꿈은 식록이 생깁니다.

○ 쌀가마니가 집 안에 가득 쌓여 있는 꿈은 재산이 증가하여 만사가 형통할 길몽입니다.

○ 쌀을 사오는 꿈은 환자가 있었다면 곧 낫게 될 좋은 꿈입니다.

○ 쌀을 씻어서 밥을 짓고 있는 꿈은 진행하는 일에서 좋은 결과를 얻어 재산이 늘어나게 될 징조입니다.

○ 생쌀을 먹는 꿈은 건강에 문제가 생기거나 몸을 다칠수 있습니다.

○ 쌀이 귓속에 가득 차 있는 꿈은 재물이 들어올 암시로 가정도 풍요와 번영을 누리게 됩니다.

○ 쌀독이나 쌀항아리 안에서 꽃이 피어 있는 꿈은 재물과 돈이 생기고 먹을 것이 들어오며, 식복, 저축, 잔치 등이 경사가 있게됩니다.

○ 쌀독이 깨지는 꿈은 흉합니다. 가세가 기울고 경제적으로 궁핍하게 됩니다.

○ 미곡등을 되와 말로 계량해 보이는 꿈은 협의하는 일이 성사되고 쌀을 사들고 오면 병이 물러납니다.

○ 지붕위에 벼포기가 나보이는 꿈은 관직에 오르고 식록이 생깁니다.

○ 꿈에 콩이나 보리가 섞여있는것을 보면 자손에게 나쁩니다.

○ 콩 종류를 먹는 꿈은 자손에게 해로운 일이 생기며 집안에 분쟁이 생깁니다.

○ 팥이 쌓여있는것이 보이면 집이 차츰 기울어지고 흩어지는 나쁜 징조입니다.

○ 잡초가 무성한 논이나 밭에 서 있는 꿈은 아무리 일을 해도 성과가 없거나 실속이 없어서 허망하게 됩니다.

○ 허수아비나 새를 쫒는 깡통 또는 농가집에서 곡식을 지키는 꼭두각시등을 보는 꿈은 대길하고 모든일이 다 좋아집니다. 다만 겨울에 이 꿈을 꾼다면 도둑맞을 일이 생길수 있습니다.

○ 물방아의 꿈은 남자는 신분이 자신보다 높은 여자와 인연을 맺어 뜻밖의 좋은일이 생기며, 여자가 물방아를 보면 아랫 사람에게 신임을 받게 됩니다. 다만 구설수가 생기니 조심해야 합니다.
","24",24
"★ 음식, 과일, 채소, 술, 연회의 꿈

○ 연회를 베풀어 사람들을 모아두고있는 것은 점차 부자가 된다는 암시입니다.

○ 부부가 연회에 참석하여 음식을 먹는 꿈은좋지 않습니다. 가족의 이별이나 액화를 당할 나쁜 꿈입니다.

○ 귀한 사람을 초청해 만찬을 하는 꿈은 매사가 순조롭고 길합니다.

○ 긴 곤방대 담배를 피우는 꿈은 희망있는 일들이 생깁니다.

○ 거적위에 사람들을 모아놓고 분주의 의논하는 꿈은 집안이 산란해지고 좋지 않습니다.

○ 공연과 같은 구경꺼리를 관람하는 꿈은 허명만 높고 소득이 없습니다. 또한 친한 사람이나, 웃 사람에게 버림을 받게 됩니다.

○ 청루나 기생방에서 희롱하고 노는 꿈은 병에 걸리기 쉬우며 그에 따르는 여병이 생기기 쉬우니 조심해야 합니다.

○ 남에게 술을 주거나 권하는 꿈은 구설이 생깁니다.

○ 남이 나를 청해 술을 주는 꿈은 명이 길어집니다.

○ 임금이 주는 술을 마시는 것은 중책을 맡거나 지위가 올라 갈 조짐입니다.

○ 술이 취해 주정을 부리는것을 보는 꿈은 남과 마찰이 생기고 구설이 생깁니다.

○ 술을 마시고 만취해 쓰러지는 꿈은 병을 얻게 됩니다.

○ 술에 취해 바닦에 눕는 꿈은 사기를 당하며누워서 예기를 한다면 병이 생깁니다.

○ 술에 취해서 우물에 빠지는 것은 관청과 관련된 구설로 재물의 손실이 발생할 조짐입니다.

○ 술을 마시며 달을 보는것은 중책을 맡거나 매사 실행하는 일마다 좋은 성과를 거두어 주위의 부러움울 사게됩니다.

○ 술을 마시며 누각위에서 한가로이 있는것은 장차 다른 사람이 부러워 할 정도로 영화롭게 살게 된다는 암시입니다.

○ 술 마시고 유흥하는 꿈은 후회할 일이 생기고 배의 병이 생기기 쉽습니다.

○ 술잔이 깨지는 것은 가정에 환란이 생기고 재물이 빠져나갈 일이 생긴다는 암시입니다.

○ 술독이 비어 있는 것을 보면 진행하는 일의 성과를 볼 수 없으며 가난한 생활을 하게 될 징조입니다.

○ 집에서 술을 담그는 것은 재물이 늘어나고 기쁜 일이 생기게 됩니다.

○ 술을 만드는 꿈은 길합니다. 다만 비밀이 누설될 일이 생길수 있습니다.

○ 술 찌꺼미를 보는 꿈은 떳떳치 못한 일이 생깁니다.

○ 술을 마시던 사람과 싸우는 것은 동업자간에 좋지못한 일이 생길수있으며 보증을 설 일이 생길수있으니 각별히 신중하라는 경고입니다.

○ 감주를 마시는 꿈은 친구나 친척간의 시비가 생기고 구설이 그칠날이 없습니다.

○ 꿈에 여인의 젖을 먹어보는것은 길하고 식록이 늘어납니다.

○ 꿀이나 엿을 먹는 꿈은 불길하니 매사가 뜻과 같이 진행되지 않습니다.

○ 물을 많이 마시는 꿈은 재물을 얻고 길합니다.

○ 생선이나 새의 고기를 먹는 꿈은 소원성취하고 길합니다.

○ 생고기나 익지않은 고기를 먹는것은 흉하고 불에 익힌고기를 먹는것은 길하고 좋습니다.

○ 밥을 많이 먹는 꿈은 점차 의식이 생기며 좋습니다.

○ 떡을 먹는 꿈은 원하는 바를 이루게됩니다.

○ 떡을 불에 굽는것은 매우 나쁘니, 장차 하려는 일과 약속이 깨지게 됩니다.

○ 떡을 사람들에게 나눠 주는것은 자신과 관련된 소식을 듣게 될 징조입니다.

○ 시루떡과 북어가 눈앞에 환히 보일때에는, 고사를 지내면 집안이 태평무사하고 우환이 사라진다는 암시이며, 기도를 통해 평온을 빌어야한다는 암시입니다.

○ 송사가 걸려있는 사람이 만두를 먹으면, 일이 매듭지어지고 무사해집니다.

○ 오이종류를 먹는 꿈은 자식이 병에 걸릴 수가 생깁니다. 조심해야합니다.

○ 오이 줄기나 밑동, 혹은 삼 줄기를 보는 것은 사고나 질병이 발생하여 우환을 당하게 되거나 손실을 보게 됩니다.

○ 오이 꽃이 활짝 피어 있는 것을 보면, 대중의 인기가 높은 훌륭한 작품을 창작하여 발표하게 됩니다. 예술인에게는 큰 길몽입니다.

○ 약초를 먹는 꿈은 근심걱정이 사라집니다.

○ 약초를 밭에 심는 것은 사회에 공헌할 좋은 사업을 시작하거나, 학술 서적을 저술하며 남에게 인정을 받습니다.

○ 약초나 풀 뿌리를 받는 꿈은 실제로 환자는 병이 완치되며, 자격취득, 선물, 합격, 승진, 당선, 계약 등의 좋은 일이 있게됩니다.

○ 모과를 먹는 꿈은 큰 재물이 생깁니다.

○ 수박을 먹는 꿈은 상사가 생기니 나쁘고 남이주는 수박을 받으면 구설이 생깁니다.

○ 수박을 통째 받으면 여행을 가게되는것을 암시합니다.

○ 파와 마늘을 먹는 꿈은 남과의 분쟁이 생기며 비밀이 폭로되고 하인배가 배신을 합니다.

○ 가지를 먹는 꿈은 길하며 혼담이 성립되고 처첩이 임신하게 됩니다.

○ 가지를 보는 것은 길하며 먹는꿈은 입신출세를 합니다.

○ 가지를 남에게 주는 꿈은 재산이 없어지고 가난해 집니다.

○ 과일을 먹는 꿈은 무슨 과일이든지 병자가 집안에 있으면 해로운 일이 생깁니다. 

○ 호도를 먹는 꿈은 그날 하루만은 매사에 불쾌하고 신경이 예민해집니다. 그러나 그 징후는 단기간에 사라져 버립니다.

○ 감추어 두었던 호도를 발견하면 의외의 재물이 생깁니다.

○ 밤을 먹으면 이별하는 일이 생깁니다.

○ 밤을 여럿이서 먹는것은 이별이나 어려움이 생기거나 구설에 오르게 된다.

○ 여인이 앞치마에 알밤을 담는 꿈은, 새댁이나 부인은 임신을 하여 똘똘한 옥동자를 생산하며, 재물, 식복이 생긴다.

○ 꿈에 귤감을 먹으면 친구가 죽는 수가 생깁니다.

○ 시큼 떨떨한 맛이 강하게 나는 귤감류을 먹는꿈은 흉하며 재물을 잃는일이 생깁니다.

○ 석류를 먹는 꿈은 자손에게 흉합니다.

○ 복숭아나, 오얏등을 먹는 꿈은 구설이 생기나, 다만 그 철에 먹는것은 오히려 좋은 일이 생깁니다.

○ 사과를 먹는 꿈은 기쁜 일이 생깁니다. 또한 이꿈은 부인네가 꾸면 더욱 좋은 일이 생깁니다.

○ 과일중에 덜 익고 신것을 먹는 꿈은 좋지 않으며 송사가 생깁니다.

○ 포도를 먹는 꿈은 이별한 사람을 다시 만날일이 생기는 징조입니다.

○ 포도나무를 보면 부자가 될 징조이며 포도열매를 먹으면 기쁜일이 많습니다.

○ 뽕나무의 열매나 대추를 먹는 꿈은 귀한 아들을 낳습니다.

○ 소금, 술, 식초등의 꿈은 대체로 만사가 길합니다.

○ 식초를 남에게서 선물 받는것은 먼곳에서 손님이 오는것이며 식초를 만드는 꿈은 임신이되며 식초를 혀 끝으로 맛보는 것은 남의 멸시를 받게됩니다.

○ 소금을 맛보는 것은 길하며 명이 길어집니다.

○ 소금을 많이 사는 것은 귀인에게 사업자금을 얻을 징조의 아주 좋은 꿈입니다.
 
○ 소금이 마당이나 길가에 많이 쌓여 있는것은 사업을 크게 벌려놓고 뒷감당을 못해 어려움과 고생이 아주 심하질수있다는 징조입니다.

○ 소금이 곳간에 가득 차 있는것은 상당한 사업 자금이 생기거나, 좋은 일이 발생한다.

○ 소금을 말등에 가득 싣고 가는것은 덕망있는 사람을 만나거나 유익한 서적을 읽게 되며 좋은 결과를 생길 징조입니다.
","25",25
"★ 용과 뱀, 짐승과 새의 꿈

○ 꿈에 용을 보면 대채로 대길하며 입신출세 합니다. 그러나 용 꿈은 서서히 그 작용이 나타나는 것이 특징이니, 조급해 하면 안됩니다.

○ 임신한 부인이 용 꿈을 얻는다면 반드시 귀한 자식을 얻게됩니다.

○ 용이 하늘에 오르는 꿈은 최고로 길한 꿈이며 만사형통에 부와 권력을 얻게됩니다.
 
○ 용이 물가운데서 잠을 자고 있는 꿈은 일이 잘 안됩니다.

○ 용이 물 속을 헤엄치는 꿈은 장차 벼슬에 나아 가거나 좋은 일거리가 생길 징조입니다.

○ 용이 우물속에 들어가는 꿈은 관재구설에 휩싸이며 관에 봉변을 당합니다.

○ 용에게 귀를 물리면 귓병을 얻게되거나 귀머거리가 됩니다.

○ 용이 죽는 것을 보면 지위와 신분을 잃게 됩니다.

○ 큰 용이 대문앞에 나타나면 크게 길할 일이 발생합니다.

○ 용을 타고 하늘로 오르는 꿈은 큰 지위를 얻게되며, 한가지 주의할 일은 조급해하지 않는것입니다.

○ 용을 타고 산에 오르는 꿈은 소원성취하게 됩니다.

○ 물건이 용으로 변해 보이는 것은 귀인의 도움을 받는다는 암시입니다.

○ 자신의 몸이 변해서 용이 되는 꿈은 크게 출세합니다. 학자나 승려가 이 꿈을 얻는다면 천하의 이름이 드 높여지게 됩니다.

○ 부인이 용을 보는 꿈은 얼마 않있어 태기가 생기며 귀한 자식을 임신하게 됩니다. 

○ 용이나 이무기를 칼로 베어버리는 꿈은 길몽이며 만사형통에 재물을 얻습니다.

○ 큰 이무기가 칼을 찬 사람을 에워싼 꿈은 귀하게되며 길합니다.

○ 꿈에 독사를 죽이면 싸움이나 소송에 이기며 길합니다.

○ 용이나 뱀이 대문에 들어서는 것은 재물을 얻는 길몽입니다. 

○ 용이나 뱀이 사람을 죽이는 꿈은 대흉몽입니다. 만사에 소극적으로 임하고 석달 열흘간 주의해야 합니다.

○ 뱀이나 용을 화살로 소아 맞히는 꿈은 대길하며 만사형통 합니다.

○ 뱀이 칼을 삼키는 꿈은 지위가 높아지고 재물을 얻게 됩니다.

○ 뱀 종류가 손 발이나 목에 감기는 꿈은 대길합니다. 다만 감겨있던 뱀종류가 풀리어 사라지는것은 반대로 가난해질 징조입니다.

○ 뱀이 나를 감사는 것은 좋으나 혀를 낼름거리는것은 좋지않은 징조입니다.

○ 뱀이 계속해서 혓바닥을 날름거리며 자신의 몸을 감고 있는것은, 재수나 질병이 생길 징조이며 남녀관계에는 간통·모함 등이 따를 수 있습니다.

○ 큰 뱀이 사람을 좇는 꿈은 처첩의 마음이 딴곳으로 변하게 되는 징조입니다. 

○ 뱀이 사람을 무는것은 매우 좋으며 재산이 생깁니다.

○ 뱀이 다리를 꽈거나 기고있는 꿈은 남에게 미움을 받거나 병으로 고생할 징조입니다.

○ 봉황이 가까이오는것을 보는 꿈은 귀인의 도움을 받습니다.

○ 봉황을 보는 꿈은 좋은 관직을 얻을 징조이고 또 좋은 인연을 얻어 장가들 징조이며 재물을 얻습니다.

○ 봉황을 기르는 꿈은 좋은 배우자를 만나는것은 물론이며 화목한 가정을 꾸미게 됩니다. 

○ 봉황새가 나무위에 앉아 있는 꿈은 커다란 행운이 찾아오며, 권력, 명예, 승진, 당선, 합격 등으로 집안에 경사스러운 일이 생깁니다.

○ 봉황새 한 쌍을 얻는 꿈은 장차 사회에 진출해 큰 인물이 될 자식을 낳을 길몽중의 길몽입니다.

○ 학이 품안에 들어오는 꿈은 귀한 자식을 얻을 징조입니다.

○ 학이 하늘을 날으는 꿈은 출세할 징조이며 높은 사람의 도움을 얻을 징조입니다.

○ 학이 뜰 앞에서 사람과 사귀어 노는 것은 반드시 귀한 자식을 얻게 됩니다.

○ 집에서 먹이고 키우는 학을 놓아 보이는 꿈은 재물이 생깁니다.

○ 학이 품안으로 날아드는 꿈은 훌륭한 학자가 될 아이를 낳을 태몽입니다.

○ 학의 등에 올라 보는꿈은 반드시 녹과 지위를 얻습니다.

○ 학이 날아와 옆에 앉는 것은 학식이 높고 덕이 큰 사람을 만나게 될 길몽입니다.

○ 학을 타고 온 노인에게서 선물을 받는것은 귀한 사람의 도움을 받아서 부귀를 누릴 것을 암시합니다.

○ 학이 우는 소리를 듣가나 학이 춤을 추는것을 본다면 승진과같이 지위가 오르며 직장운이 트여서 매사가 순조롭습니다.

○ 학을 보는 꿈은 대채로 입신의 길이 열리며 무병장수와 행복한 결혼, 귀한 자녀의 출산 등을 의미합니다. 

○ 앵무새를 보면 먼곳에서 소식이 있을것이며 앵무새와 더불어 말하는꿈은 손 윗사람이 병들어 고생을 하며 사망하는 수가 생깁니다.

○ 앵무새의 꿈을 부녀자가 보면 반드시 구설수가 생깁니다.

○ 앵무새가 말하는 것을 보는것은 시비수나 분쟁수가 생길 징조입니다. 사람과의 관계에 조심해야합니다.

○ 앵무새가 사람의 말을 흉내내 따라하는것은 구설수나 분쟁이 있을 징조입니다. 특히 부부간에 불화나 불신이 발생하게 됩니다.

○ 원앙새를 보면 길합니다. 다만 원앙이 날아가 버리면 처첩이 딴 마음을 두며 이별할 수가 발생합니다.

○ 새 종류가 부인의 품안에 날아들어오면 대개는 잉태하며 득남하게 됩니다.

○ 임신한 부인이 꿈에 학이나 거북을 보면 반드시 귀한 아들을 낳게 됩니다. 그러나 거북꿈의 자식은 중년 이후에 운세가 기울어질 가능성이 있습니다.

○ 공작새, 봉황새, 금계, 백구의 꿈은 모두 길조이며 귀인을 만나 출세하며 복록이 끊이지 않는다.

○ 공작새가 날개를 활짝 펴는것을 보면 뛰어난 예술가나 인기인이 되어 많은 사람의 관심을 받게됩니다. 혹은 좋은 작품을 발표하게 됩니다.

○ 예쁜 공작새가 집안으로 들어오는 꿈은 매우 귀한 손님이 찾아옵니다.

○ 백조의 꿈은 신체가 건강할 징조입니다. 다만 백조가 우는 꿈은 흉합니다.

○ 총괄적으로 본다면 새종류의 꿈은 자신에게 당면한 경소한 일은 무방합니다. 그러나 새장 안의 새를 보는것은 만사에 될듯 하면서도 안되는 경향이 크니 조심해야 합니다.
 
○ 까마귀가 우는 꿈은 남에게서 비방을 받습니다. 

○ 까마귀가 많이 모여서 지저귀는 것은 친척중에 근심이 생깁니다.

○ 작은 새가 모여 시끄럽게 우는것은 구설수가 생기는 징조이며 개구리 때가 모여 우는것 또한 같습니다.

○ 육식을 하는 새의 꿈은 길하며 점차 부유해 집니다.

○ 부엉이의 꿈은 만사 불길합니다. 그러나 부모를 모시는 사람이 이꿈을 꾸는것은 무방합니다.

○ 까치들이 날아가는 것은 만사가 길하며 나쁜일이 사라집니다.

○ 독수리를 꿈에보면 남의 우두머리가 됩니다.

○ 독수리에게 잡히는 꿈은 실망할 일이 생깁니다. 

○ 독수리가 하늘을 날으는 꿈은 군인이나 사업가에게는 대길한 행운이 찾아옵니다.

○ 물오리가 집안으로 날아들어 오는꿈은 대흉합니다.

○ 매를 보는것은 대길하며 천사람의 우두머리가 됩니다. 다만 남의 원한또한 살수 있으니 조심해야 합나다.

○ 사나운 매나, 독수리가 새를 잡는 꿈은 재물이 가득해질 징조입니다.

○ 비들기를 꿈에보면 부인에게 길한 일이 생깁니다. 집안이 화목해지며 번창해집니다.

○ 꾀꼬리가 우는 꿈은 직장을 옮길 징조입니다.

○ 백로를 꿈에보면 길하며 이름이 휘날릴 징조입니다.

○ 제비가 품안으로 날아 들어오는 꿈은 반드시 귀한 자식을 낳으며 좋은 소식을 듣게 됩니다.

○ 참새 무리가 집단으로 모여있는것은 재물을 얻을 일이 생기며, 집안으로 날아들어오는것은 기쁜 경사가 있으며 품안으로 날아오면 귀한 딸을 얻게 됩니다.

○ 참새 무리가 집안으로 날아 드는것은 이권이나 재물이 생기며 집안에 경사가 있을 징조입니다.

○ 참새가 서로 싸우고 물고 하는 꿈은 관청의 송사가 생기니 주의해야 합니다.

○ 참새들이 서로 싸우는 꿈을 꾸면 타인과 시비할 일이 생기거나 재판받을 일이 생길 수 있습니다. 

○ 참새들이 논에 들어 수확할 벼를 망치는것은 일에 방해가 있어 큰 성과를 거두지 못하며 금전적인 손실이 생기기도 합니다.

○ 새들이 싸우는 것은 다툼이 일어나고 송사가 생길수있습니다.

○ 꿈에 닭을 보면 대채로 길합니다. 다만 결혼을 앞둔 사람에게는 혼담이 이뤄졌다가도 깨질수도 있으니 주의해야 합니다.

○ 닭이 새벽에 울어 아침을 예고하는 꿈은 가업이 번창하며 미혼여자가 이꿈을 꾼다면 반드시 혼담이 이뤄집니다.

○ 닭이 몸을 씻는 꿈은 관직을 얻게 됩니다.

○ 닭이 서로 싸우는 꿈은 시비가 그치지 않게 됩니다.

○ 여러 마리의 병아리가 막 알에서 부화해 나오는 것은 집안에 재산이 많이 늘어나면서 식구도 불어날 징조입니다.

○ 계란이 한두게 뒹굴고 있는 꿈은 좋다 할수 있으나, 여러개의 계란이 서로 뒹구는 꿈은 불길하여 소송이 생깁니다.

○ 닭이 나무위에 올라 있는것은 재수가 있고 길합니다.

○ 닭이 지붕위에 올라가 울지않고 있는 꿈은 흉하며 구설수가 생깁니다.

○ 암닭이 알을 품고 있는것은 대길하며 반드시 좋은 일이 많습니다.

○ 수닭이 어린 병아리를 돌보고 있는꿈은 자신 또는 가까운 인척에게 손재수가 있을 징조입니다.

○ 새벽닭이 우는 소리를 듣는것은 전도가 탄탄하게 열려 모든 일이 순조롭게 발전하며, 안정과 영화를 누리게 된다.

○ 새의 날개가 부러져 있거나 새를 잡아 날개를 부러뜨리는 꿈은 자식을 잃게될수 있으니 조심해야 합니다.

○ 새나, 닭의 목을 보면 경사가 생깁니다.

○ 기러기를 보면 먼곳에서 소식이 전해옵니다.

○ 기러기 무리가 호숫가에 앉아 있는 것은 자신에게 힘이 되어 주는 귀인을 만날 징조입니다.

○ 기러기 무리가 자기 집 논에 앉는 것을 보면 근심이 사라지고 걱정없이 살게 될 징조입니다.

○ 기러기가 날아 가는것은 노력했던 일이 큰 성과를 거두게 되며 공명을 널리 알리게 됩니다.

○ 사람이 물새로 변한는 꿈은 부귀를 얻게되는 암시입니다.

○ 물새가 하늘위에서 지저귀는 꿈은 아내에게 기쁜 일이 생깁니다.

○ 두꺼비를 보는것은 사업상 경쟁자가 거대한 도전을 걸어오고 있다는 의미이며, 동업자가 있다면 그 동업자가 배신할 가능성이 높다.

○ 두꺼비가 울며 뛰는것은 자신을 모함하고 곤경에 빠뜨리는 사람이 나타날 징조입니다.

○ 두꺼비를 죽이는것은 매사의 안정을 취하게 됩니다.

○ 기린을 보게되면 명성이 천하에 알려집니다.

○ 노루나 사슴이 집에 있는 꿈은 관직이 승진됩니다.

○ 예쁜 토끼가 품안으로 들어오는 꿈은 예쁜 딸을 낳을 징조이며, 토끼가 집안으로 들어오면 반가운 손님이나 친인척이 찾아옵니다.

○ 방안에 토끼가 들어오는 꿈은, 그 동안 고생하던 고민거리가 해소되거나 환자는 병이 완쾌될 길몽입니다.

○ 토끼가 마당에서 놀고있는 꿈은 백가지 근심이 사라집니다.

○ 토끼가 새끼를 낳는 것은 사업상 횡재수가 따르는 길몽으로서 큰 이익을 보게 됩니다.

○ 토끼가 하늘에 올라있는 꿈은 귀한 지위를 얻게 됩니다.

○ 토끼가 떡방아를 찧고 있는 꿈을구면 혼담이 성사되거나 마음에 드는 이성을 만나게 됩니다.

○ 원숭이를 보면 독단적인 일은 피해야하며 성급한일 또한 주의해야 합니다.

○ 원숭이 무리가 싸우는것은 마찰이 생기고 소송거리가 생깁니다.

○ 흰 원숭이를 보면 귀한 지위를 얻게 됩니다.

○ 화려한 옷을 입은 원숭이를 보는것은 권리와 지위를 얻거나 자손에게 경사가 있을 길몽입니다. 사업가는 새로운 사업에 투자하게 됩니다.

○ 꿈에 표범이나 이리를 보게되면 도난의 염려가 있으니 조심해야 합니다.

○ 고양이를 보는것은 흉몽입니다. 고용인이나 첩이 기만을 하게되며, 고양이가 말을 한다면 구설수가 생깁니다.

○ 고양이는 도적을 상장합니다. 고양이를 잡는꿈은 도적을 잡는것이며, 고양이 고기를 먹는것은 도적맞은 물품을 회수하는것이며, 고양이에게 할퀴면 병을 얻거나 근심이 생깁니다.

○ 고양이가 쥐를 잡는꿈은 재물을 얻게 됩니다.

○ 쥐와 개가 함께 뛰고있는 꿈은 큰 기쁨이 있습니다.

○ 쥐를 본 것은 재산의 증식과 크게 연관되있습니다. 쥐가 집이나 방으로 들어온것은 재산이 늘어날 징조입니다. 

○ 흰 쥐를 본것은 귀인의 도움을 얻어 재산이 쌓이게 되는 징조입니다. 흰 쥐가 집이나 방으로 들어온것은 귀인의 도움을 얻어 크게 부귀해질 꿈입니다.

○ 흰 쥐가 길을 인도하는 꿈은 뭇 사람들이 나에게 순종하게 됩니다.

○ 쥐가 집밖으로 나가는 꿈은 사업실패의 징후가 있는것으로 재산이 줄게됨을 나타냅니다.

○ 쥐를 따라가는 꿈은 타인의 도움을 얻을수있는것으로 귀인을 만나게 되는 꿈입니다. 특히 흰 쥐를 보는 꿈이 더욱 길합니다.

○ 예쁜 다람쥐가 품안으로 들어오는 꿈은 예쁜 딸을 낳을 징후입니다. 

○ 다람쥐가 집안으로 들어오는 꿈은 재물이 들어오며 횡재수가 생깁니다.

○ 다람쥐에게 먹이를 주는 꿈은 생활이 안정되게되며 진행하던 일이 정상 궤도에 접어들게됩니다.

○ 쥐가 옷을 물어뜯는 꿈은 소원이 이뤄집니다.

○ 쥐에게 물리는 꿈은 뜻밖의 일로 출세를 하게됩니다.

○ 박쥐의 꿈은 흉몽입니다. 가까운 시일동안은 소극적으로 임하여 조심해야 합니다.

○ 쪽제비를 보면 병을 얻을 징조가 있습니다.

○ 여우를 보면 의심을 받게되며 시기하는 사람이 생깁니다.

○ 여우를 사육하는 것은 여난의 징조가 있을 것이며, 여우와 싸움을 하는것은 반드시 주변의 교활한 사람을 피해야합니다.

○ 산돼지를 보는것은 재물을 얻고 생활이 평온해집니다.

○ 사자를 보면 귀한 후원자를 만나게 되는 것이고 사자와 싸워 이기면 좋은 일이 생기며, 지면 흉한 일이 생깁니다. 

○ 사자의 등에 올라타면 귀인의 도움을 받게 됩니다.

○ 사자고기를 먹으면 고위관리가 되며,사자의 가죽을 줏으면 부귀하게됩니다.

○ 표범의 꿈또한 사자와 마찬가지로 후원자와 귀인의 뜻을 포함합니다.

○ 맹수를 보면 위엄이 가증되어 인덕이 붙으며, 호랑이에게 물리면 입신 출세합니다.

○ 사슴을 보면 점차 운이 열립니다.

○ 호랑이나, 맹수의 머리를 보면 만사가 형통하고 뭇 사람의 존경을 받습니다.

○ 호랑이를 타고 달리거나 호랑이 등에 업혀서 힘차게 산을 오르는 꿈은 나라의 통치자나 정당의 당수가 될 징조의 길몽이며, 범인은 지도력을 발휘한다. 이 꿈은 지도자나 우두머리가 될 징후입니다.

○ 호랑이가 갑자기 사람으로 변해서 다가오는것은 현재의 자리에서 물러 나거나, 모함 또는 사기를 당하기 쉽습니다.

○ 호랑이와 같은 맹수와 싸워서 이기는 꿈은, 경쟁에서 승리하며 새로운 아이디어나 신상품에서 목적을 달성하는 성과를 얻게됩니다.

○ 호랑이가 사나운 모습으로 집 안에 침입하는 것은, 남으로부터 예상하지 못한 비방을 당하거나, 모함에 빠져 큰 피해를 보게 됩니다.

○ 호랑이가 자기 앞에 얌전히 앉아 있는 꿈은 높은 자리에 올라 장차 지도력을 발휘하게 될 것을 암시합니다.

○ 호랑이한테 크게 물리는 꿈은 금전과 지위를 얻고 소원을 성취하게 됩니다.

○ 호랑이를 죽이는 꿈은 함께하는 동업자 혹은 협조자가 그만 두게 되며 사업상의 거래나 계약이 취소되어 피해를 볼수있습니다.

○ 사슴고기를 먹는다면 재물이 생깁니다. 

○ 사슴이나 토끼가 나로인해 도망치는 꿈은 자신의 지혜로 재물을 얻게되는 암시이며,사슴을 죽여 그 뿔을 가진다면 뜻밖의 횡재를 하게 됩니다.

○ 고래를 보면 사람들의 우두머리가 되며, 고래가 내뿜는 조수의 물이 나를 적시면 입신출세합니다. 단 고래고기를 먹으면 구설수가 생깁니다.

○ 코끼리를 타는 꿈은 장차 큰 부자가 됩니다.

○ 코끼리와 더불어 음식을 먹는 꿈은 귀인의 도움을 받습니다.

○ 곰을 보면 유력자의 미움을 받게되는 암시입니다.

○ 총평을 한다면 모든 짐승의 꿈은 대채적으로 좋습니다. 다만 처음부터 죽어있는 짐승을 보는것은 좋지 않은 일들이 생기며 고생이 많아집니다.
","26",26
"★ 가축의 꿈

○ 소의 뿔에서 피가 낭자하게 흐르는 꿈은 관직이 장관에까지 오를수 있는 매우 큰 길몽입니다.

○ 소가 산위나 언덕위에 오르는 꿈은 대길합니다.

○ 소를 몰고 큰 길을 오가는 꿈은 재산이 늘어나고, 새로운 식구를 맞게 되며 자영업자는 직원이 늘어나게 된다.

○ 소가 대문을 나가는 꿈은 흉하며 관의 송사가 발생하게 됩니다.

○ 소가 사람을 들이받는 꿈은 매사에 일이 풀리지 않습니다.

○ 소가 수레를 끄는데 소의 머리가 보이지 않는 꿈은 부귀와 영화를 얻을 징조입니다.

○ 소가 송아지를 낳는 꿈은 구하는 것을 반드시 이루게되는 길몽입니다.

○ 소가 집에 오는꿈은 반드시 부귀를 얻게 됩니다.

○ 소가 방안으로 들어오는 꿈은 가난해질 징조입니다. 소가 집에 들어서는 것은 좋으나 방안에 오는것은 주인이 자리를 빼앗기는 것입니다. 

○ 소를 끌고 산에 오르면 크게 부자가 될 징조입니다.

○ 소를 끌고 높은 산 위에까지 오르는 꿈은 하는일이 크게 성공하여 사방에 이름을 떨치게 됩니다.

○ 소를 타고 신나게 달리는 꿈은 정치와 사업에 있어 뜻을 이루는 길몽이다.

○ 소나, 말, 양을 끌고 나에게 오는 사람이 있다면 재산과 복이 생깁니다.

○ 소나, 말, 양등이 때를 지어 모여있는것을 소유하는 꿈은 참으로 길하니, 반드시 부와 명예를 이루게 됩니다.

○ 소를 도둑이나 다른 사람이 훔쳐가 잃게 된다면, 부동산의 매매와 금전상의 큰 손해를 보게 됩니다.

○ 소를 훔치는 꿈은, 재물이 생기며 미혼인 사람은 결혼을 하고 신혼인 사람은 임신을 하게 됩니다.

○ 소를 죽은 사람이 나타나 어둡고 깊은 산 속으로 몰고 들어가면 집안에 우환이 생길수있으며 더욱이 환자가 있으면 병세가 악화될 징조입니다.

○ 소가 죽어서 땅에 묻거나 불에 태워지는 꿈은 집안식구들에게 불상사가 생기거나, 실패 또는 손해를 보게 됩니다.

○ 소를 끌고들어오는 꿈은 재산이 늘어나며, 양을 손으로 끌고오는 꿈은 마음과 몸이 평온해지는 길몽입니다.

○ 멀리떨어진 소를 보면 매사가 처음엔 잘 되지만 끝이 흐트러지는 경우가 있으므로 성급하면 안됩니다.

○ 말에 돈이나, 짐을 싣는 꿈은 관직에서 물러나게됨을 암시합니다.

○ 말이 뜰앞에서 춤을 추며 날뛰는것은 흉한 화재를 당할 징조이니 조심해야 합니다.

○ 말 안장을 구하는것은 좋습니다. 승진의 운이 잇을것이며 가마에 오르는 꿈또한 운수가 열릴 징조입니다.

○ 말에있는 안장이 깨끗하고 좋아보이면 하는일이 반드시 성공합니다.

○ 말등에 안장을 올리는 꿈은 협의하는 일이 성사되며 먼길을 가게될 암시입니다.

○ 말과 마음이 맞지않아 서로 싸우는 꿈은 일이 풀리지 않습니다.

○ 말이 나를 피해 도망가는 꿈은 백가지 일이 안풀리고 근심이 생깁니다.

○ 짐을 실은 말은 좋지 않으며, 매여있는 말을 보는 것은 대길합니다.

○ 깨끗하고 아름다운 안장이 차여진 말이 집으로 들어오는것은 부유한 현모양처를 얻는 꿈이며, 반데로 지저분항 안장을 찬 말이 오는것은 처첩이나, 하녀로인해 곤란을 격을 징조입니다.

○ 말을타고 천리를 달리는 꿈은 큰 기쁨이 생기며 출세하게됩니다.

○ 말을 타고 높은 산위에 오르는 꿈은 많은 사람들이나 조직의 지지를 얻어 권세를 잡게 됩니다.

○ 말에게 물린 꿈은 좋은 자리를 얻게됩니다.

○ 역마가 달려오는 꿈은 경사스런 일이 찾아옵니다.

○ 준마를 탄 꿈은 길몽이며 놀란 말을 탄 꿈은 흉한일이 생깁니다.

○ 아름다운 말을 소유하면 조숙한 미녀아내를 맞이하게되는 꿈이며, 남이 소유한 아름다운 말을 타는 꿈은 부녀자의 원조로 명성을 얻고 새물을 얻게 됩니다. 

○ 험준한 길을 말을타고 무사히 지나가면 부인의 도움을 받아 출세하는 암시입니다.

○ 마굿간에 가서 말에게 먹이를 주는 꿈은 귀한 아들을 두게 됩니다.

○ 죄인이 말을 타고 달리는 꿈은 액운이 찾아오니 주의해야 합니다.

○ 백마를 타는 꿈은 사망할 징조이니, 반드시 조심해야 합니다.

○ 백마를 본다면 아름답고 정숙한 아내를 얻게되며 흑마를 보게되면 부유하지만 음탕한 여인을 얻게 됩니다.

○ 말을 목욕시키거나 털을 다듬어주는 것은 장애가 해소되면서 이득도 차차 늘어나 기쁨을 누리게 된다.

○ 말이나 망아지의 꿈은 시기적으로 춘 삼월중에 꾸면 길하며 하 삼월은 좋지 않으며 가을과 겨울에는 반쯤 좋다할수 있습니다.

○ 양이 새끼를 돌보고 있는것은 일이나 특히, 작품활동을 하는 사람에게 좋은 징후가 보이며, 타인에게 큰 도움을 받을 징조입니다.

○ 양이 마당에 죽은듯이 누워 있는 꿈은 집안에 우환이 생기거나 손재가 따를 징조입니다.

○ 양이 대낮에 울부짖는 꿈은 가정에 불화가 생기고 부부간에 이별하게 될 수도 있는 흉몽입니다.

○ 양털을 깎는 모습을 보거나 내가 양털을 깍는것은 매사에 능력이 미치지 못하여 일이 뜻대로 되지 않으며. 사업은 진척이 없게됩니다.

○ 양이 맹수나 호랑이에게 물려 가는 꿈은 질병과 고난이 생기며. 이웃으로 인해서 구설수에 휩싸이게 됩니다.

○ 말과 개가 같이 보이는 꿈은 상스럽지 못하니 않 좋은 일이생깁니다.

○ 개들이 요란스럽게 짖으며 싸우는 꿈은 질병이 생기는 암시입니다.

○ 개가 그 주인을 무는 꿈은 재산이 없어지는 흉몽입니다. 또한 배은망덕한 자가 생기니 주의해야합니다.

○ 개가 하늘로 오르는 꿈은 대길하니 반드시 복록이 생깁니다.

○ 개를 부르고 찾는 꿈은 주식과 같은 돈이 생깁니다.

○ 개가 마구 짖는 꿈은 처자식에게 구설수가 생깁니다.

○ 개에게 물리거나 쫏기는 꿈은 흉하니, 원한을 사는 일이 생기거나 좋지않은 일이 생깁니다.

○ 수풀 속에서 흰 돼지를 발견하는 것은 희귀한 예술작품을 창작하여 출판하거나, 재물, 횡재, 발굴 등이 있습니다. 예술가에게 힘이되는 좋은 꿈입니다.

○ 산돼지가 집에 들어오는 꿈은 좋은 일이 생깁니다.

○ 산돼지를 타고 나에게 오는 사람이 있다면 대길합니다.

○ 돼지가 방 안이나 집 안으로 들어 오는것은 매우 좋으며, 태몽이라면 높은 지위에 오르고 부귀를 누릴 자식을 얻게 될 길몽입니다. 

○ 돼지의 머리를 얻으면 반드시 송사나 다툼에서 승리하게 됩니다.

○ 돼지머리를 제삿상에 올려 놓는것은 질병으로 고생하던 사람은 병에서 쾌차하고, 재물도 늘어나게되는 조짐입니다.

○ 여러 마리의 돼지를 보는 것은 음식이나 의복 등의 재물이나 이권이 생길 길몽입니다.

○ 돼지가 새끼를 낳는것은 가만히 있어도 재산이 늘어나며 사업은 연속적으로 이득이 발생하고 회사는 번창하게 됩니다.

○ 새끼돼지를 품에 끌어 안는것은 태몽이라면 재물복이 많은 자식을 얻게 되며, 재물을 얻을 징조입니다.

○ 돼지가 사람으로 변하는 것은 관사에 손재수가 발생하여 손해를 보게 됩니다. 가까운 사람을 조심해야 할것입니다.

○ 돼지를 팔러 나가는 것은 손재수를 당할 징조로, 보증을 서거나 계를 하면 손해를 보게 됩니다. 집안에서는 남편이나 아내에게 근심이 생깁니다.

○ 짐승을 기르는 꿈은 쌀과 곡식이 생기는 꿈이며, 짐승을 죽이는 것은 재물이 생기나, 가까운 사람이나 친척간에 불화가 생기기도 합니다.

○ 짐승이 두발로 서서 걷거나 말을 하면 사기를 당할수가 있습니다.

○ 코끼리나 백마를 보는 꿈은 매우 좋은 길몽이라할수 있습니다. 그러나 중간에 고생도 하게됩니다.

○ 흰 코끼리를 보는 것은 지위가 올라가는 입신양명의 운세로서, 타인으로부터 존경을 받게 될 징조입니다.

○ 코끼리 등에 타는 꿈으 조직의 지도자가 되거나 학위를 받게 됩니다. 여성이라면 부귀를 갖춘 배우자를 얻을 징조입니다.

○ 코끼리를 타고 가는 것은 지위나 명예가 상승하거나 행복한 결혼 생활을 하게된다는 뜻하기도 합니다.

○ 코끼리에게 쫓기는 것은 어느 누군가에게 강한 구속을 받고 있음이 나타난 것이며 흉한일이 생길수있습니다.

○ 집안으로 코끼리가 들어오는 것은 귀한 손님이 오거나 새로운 식구를 맞이하게됩니다. 혹은 직업, 명예, 재물, 사랑, 자식, 실력자 등과 관련된 좋은 일이 생깁니다.

○ 짐승이 사람과 대화를 하는것은 흉몽이니 좋지 않은 일이 생깁니다.
","27",27
"★ 거북, 자라, 물고기, 벌레의 꿈

○ 거북을 보면 매사가 순조롭고 행복합나다.

○ 거북이가 한가롭게 노는 것을 보면 사업이 번창하고 집안이 영화를 누리게 됩니다.

○ 흙거북과 흙자라의 꿈은 처음에 흥했다가 서서히 망하기 때문에 조심해야 합니다.

○ 거북이 집에 들어오거나 우물속으로 들어가는 꿈은 매우 길합니다.

○ 큰 거북이가 집안에 보이는 것은 하고있는 일이 발복 하여 큰 부자가 되거나, 재물과 돈이 들어오면서 소원성취 하게됩니다.

○ 거북이의 목을 잡는 것은 본인의 세력을 확대하거나 하고있는 사업이나 일에서 주도권을 잡게됩니다.

○ 거북을 죽이는 것은 추진하던 일의 장애물이 모두 없어져서 순조롭게 일이 풀려갈 징조입니다.

○ 거북이가 뱃길을 인도하는 것은 추진하는 일이 방해없이 순탄하게 성공에 도달하게 된다.

○ 물 속에 빠졌다가 자라 또는 거북이 도와 주어 살아나는 것은 우연한 기회에 조력자의 도움을 받게 되고, 사업이 발전하여 번창하게 됩니다.

○ 자라가 거북이로 변해서 옆에 있는것은 일이 잘 풀리고, 적은 밑천으로 큰 소득을 얻게된다는 암시입니다.

○ 자라를 보면 관직을 얻고 특히 여자에게는 길합니다. 거북의 꿈은 재물을 얻고 특히 남자에게 길합니다.

○ 잉어가 물위로 튀는 꿈은 입신출세하며 아내가 귀한 자식을 얻게 됩니다.

○ 잉어를 잡아서 집 안에 들이는 꿈은 추진중이던 일이 잘 이루어져 이름을 떨치고 지위와 명예를 얻게 됩니다.

○ 도미가 꿈틀거리는 꿈은 기쁜일이 많으며 운이 열리기 시작합니다. 도미를 선물받는 꿈은 장사하는 사람에게 더 좋습니다.

○ 농어를 남에게서 선물 받는 꿈은 먼 곳에서 소식이 오는것이며, 농어를 먹는 꿈은 고향을 찾는 징조입니다.

○ 물고기가 물위를 헤엄치지 않고 날아가는 꿈은 만사가 산란하고 되는 일이 없습니다.

○ 물고기의 몸이 오색 찬란하게 보이면 병자가 완쾌되지만, 사업가가 이 꿈을 얻으면 송사가 생길수 있으니 주의 해야합니다.

○ 물고기가 때를 지어 노는 꿈은 재물을 얻습니다. 또한 고향을 방문하고 출세합니다. 다만 바닷 물고기라면 불길한 징조가 생깁니다. 

○ 말린 물고기(건어)가 개천으로 내려가는 꿈은 재수가 열립니다.

○ 작은 물고기가 새끼를 낳는 꿈은 만사에 길합니다.

○ 물고기를 잡아 요리해 먹는 꿈은 귀인의 도움을 받습니다.

○ 물고기를 강이나 넷가에서 잡는 꿈은 관직을 옮길 암시입니다. 큰 물고기를 잡는것은 좋은 쪽으로 이동하는 것이며, 작은물고기는 나쁜 자리로 이동하게 됩니다.

○ 물고기를 창으로 찔러보는 꿈은 불길한 징조이며 질병이 생길수있다는 암시입니다.

○ 물고기가 저절로 배에 뛰어드는 꿈은 입신출세합니다.

○ 물고기를 선물받으면 먼곳으로부터의 소식을 듣습니다.

○ 물고기를 강이나 냇가에서 풀어놔주면 백가지의 운이 열립니다.

○ 자기 몸이 물고기로 변하는 꿈은 매우 흉하니 재산을 잃게 됩니다.

○ 임신한 부인이 꿈에 물고기를 낳으면 반드시 복스럽고 귀여운 아기를 낳습니다.

○ 우물안에 큰 물고기가 있으면 관직을 옮기게 됩니다.

○ 그물을 치고 물고기를 잡는 꿈은 길합니다.

○ 낚시질로 물고기를 잡는 꿈은 기쁜일이 겹칩니다.

○ 새우가 물고기로 변해 보이는 꿈은 재산을 잃거나, 물건을 잃습니다.

○ 두꺼비가 물고기로 변하는 꿈도 재산을 잃게 됩니다. 

○ 두꺼비가 울며 달리는 꿈은 구설수가 생깁니다.

○ 두꺼비를 밟아 죽이는 것은 매사에 안정을 취하게된다는 암시입니다.

○ 몸에서 물고기나, 벌레가 나가는 꿈은 병이 완쾌될 징조입니다.

○ 게를 보는 것은 흉합니다. 만사가 산란해서 일이 풀리지 않습니다.

○ 조개를 열어 보는것은 귀한 아들을 두게 됩니다. 또한 귀한 지위를 얻습니다.

○ 소라의 꿈은 이별이 생기며 흩어지는 흉몽입니다.

○ 거머리를 보는 꿈은 부녀자가 재물을 잃어버릴 징조입니다.

○ 벌집을 보면 귀한 아들을 얻게되면, 벌에게 쏘이면 걱정거리가 생깁니다.

○ 벌이 사람의 다리를 쏘면 근심이 있으나 재물이 생깁니다.

○ 나비와 벌이 꽃에 날아드는 꿈은 연애가 순조롭게 진행되고 좋은일이 계속 될 것입니다.

○ 나비가 때를지어 날아 다니는 것은 집안에 경사가 생겨서 기쁨이 있는 세월을 보내게 됩니다.
 
○ 나비가 서로 엉켜서 날지못하는 꿈은 일이 잘 안됩니다.

○ 나비가 불속으로 날아가는 꿈은 일이 중도에 좌절되거나 경쟁자에게 패하는 등의 불길한 일이 일어날 징조입니다.

○ 나비가 죽어있는것을 보면 위험에 빠질 수 있으니 조심해야 합니다.

○ 잠자리가 꿈에 쌍쌍으로 날아다니면 미인이 찾아옵니다.

○ 누에를 보면 주식과 같은 돈이 생깁니다. 누에가 날아도 밖으로 나가지 못하면 재수가 있습니다.

○ 거미의 꿈은 길하며 귀인을 만나 원조를 얻으며 기다리던 사람이 오게됩니다.

○ 거미줄에 사람이 걸린 꿈은 질병이 생깁니다. 

○ 거미줄이 많이 널린것을 보는 꿈은 주택으로인한 곤란함을 당합니다.

○ 개똥벌레를 보면 협의한 일이 잘 안풀리며 여난이 생깁니다.

○ 파리가 모여든 꿈은 일이 풀리지 않으며, 파리가 온몸에 앉으면 주식과 같은 돈이 생깁니다.

○ 지렁이를 보면 사기를 당합니다.

○ 지네를 보는 꿈은 관리라면 불길하므로 관직을 잃기 쉬우며, 반대로 상인에게는 대길한 꿈이므로 재수가 있고 영업이 잘됩니다.
","28",28
