four,txt,idx
"사상체질이란?","사람들의 몸을 기본 바탕으로하여 크게 네가지의 형태로 신체를 구분하여 
각각의 특성을 정리하여 분류한 것이 사상체질이라 할 수 있습니다. 

사상체질은 더 나아가 四象醫學(사상의학)의 토대로 발전하였으며 
사상의학은 李濟馬(이제마)선생에 의해 발전 및 체계화 된 의학입니다. 

우리의 몸을 네 가지인, 
太陽(태양),  太陰(태음),  少陽(소양),  少陰(소음)으로 구분하여 이를 다시 체질과 연결하여 
태양인, 태음인, 소양인, 소음인으로 다시 분류한것입니다. 

李濟馬 선생은 자신의 저서인 東醫壽世保元(동의수세보원)을 통해 사상의학을 집성했는데 이는 
질병치료에 있어서 병의 증상과 더불어 병자의 체질을 관찰하여 치료에 이를 응용/ 발전시킨것으로 
약제를 씀에 종전의 일반적 틀을 벗어나 저마다 개인에게 맞는 약제와 음식을 섭취하게하여 병을 다스리는 것에 중점을 둔 것입니다. 

사상의학은 이렇듯 사람의 몸을 크게 네가지로 분류하여 그에맞는 장기와 신체별 특성을 구분하여 나눈 것이며, 
이를 의학으로 다시 결부하여 사람에게 맞는 올바른 건강법을 정리하여 집대성한것으로 큰 의의를 둘수있는 것입니다. 

그러므로 취약한 건강상의 어려움과 질병을 체질에 맞는 약물을 씀과, 
다시 체질에 맞는 음식물을 씀으로써 병으로부터 완쾌할 수 있게하여 
몸의 건강을 유지할 수 있는데 도움이 되는 사상의학학문으로 크게 발전한 것입니다. 

사상체질을 바로알 수 있다면 나의 체질의 특성을 파악할 수 있게 되는것이며, 
이로서 보다 건강에 촛점을 둔 음식물을 섭취함으로서 건강함과 장수를 이루는데 도움이 되는것입니다. 

체질은 대부분 사람의 모양새/ 몸의 온도/ 분비물(땀)등으로도 구분이 되지만, 항시 예외가 있는 법입니다. 
정확한 진단은 자가가 아닌 학문이 깊은 전문가(한의학관련)에게 의뢰하여 보아야 정확합니다. 

",1
"太陽人(태양인)","태양인은 몸의 기운이 상체와 두상에 크게 몰려있습니다. 
그만큼 몸에 열이많으며, 心(심)적으로 보아도 다열질이라 할 수 있을정도로 기분의 高低(고저)가 크며 변화가 쉽습니다. 
그렇기 때문에 흔히, 한국인에게 많은 火氣(화기)를 더더욱 잘 다스려야 합니다. 
급하면 체하는 것과같이 몸의 열과 마음의 화기를 잘다스려야 하며, 
그렇치 못하면 그와 관련된 폐와 간이 쇠약화되기 쉬운 체질입니다. 

태양인은, 쉽게 말해 몸이 크고 건장하며 몸의 기운이 양기를 많이 품고 있는 체질을 말합니다. 

태양인의 특징을 뽑는다면, 
신체중 상체가 크게 발달되어 있으며, 이로인해 상대적으로는 하체가 작아보이는 체격이라 할 수 있으며, 
두상이 크고 가슴이 발달되어 있어 멀리서 본다면 역삼각형의 체형으로 보이게 됩니다. 
이를 빗대어 태양인은 물고기 타잎이라 하는 말까지 있습니다. 
그만큼 전체의 풍모가 상부중심/ 상체중심이라는 것입니다. 
예를 든다면 서구인가운데 근육질의 단거리 100m선수와 같은 체형이 태양인의 대표체형인 것입니다. 

두상은 특히 마름모꼴로 광대뼈가 나와있기 쉬우며 목덜미와 뒷머리또한 두툼한 편입니다. 
흔히 두상을 말한다면 도끼머리라는 말이 있을정도로 정수리가 두툼하고 솟아 있습니다. 

그만큼 머리의 가운데가 돌출되어 나와있기 쉬우며, 
머리카락은 굵은편이나, 탈모의 위험이 큰 두피를 가진 체질이라 할수있습니다. 
귀는 크고 귀의 중앙부위 또한 울퉁불퉁하게 굽어져서 도톰한편이며 
인중은 비교적 짧은 편입니다. 

머리가운데, 정수리를 중심으로 양기가 크게 몰려있기 때문에 대머리가 될 가능성이 크며, 머리카락은 굵고 눈썹도 굵은 사람이 많습니다. 
팔과 다리에 털도 많이 자라며 간혹 하얀새치가 두두러져보이는 경우도 많습니다. 

가슴이 특히 잘 발달되어있기 때문에 근육질의 몸을 지닌 사람이 많으며,  
비만을 본다면, 다른 부위보다 상체부위가 더 민감하게 부어오르는 특징이 있습니다. 

心(심)적으로 본다면 태양인은 저돌적인 성격또한 있습니다. 
한번 자신이 결정한일은 여간해서 바꾸지 않으며, 일을 추진함에 있어서는 힘으로 밀어 붙이는 뚝심을 내타내곤 합니다. 
그만큼 고집이 다분하며, 때로는 무모함과 때로는 타인과의 타협을 이루지 않아 갈등과 대립구도를 쉽게 만들기도 합니다. 
그러나, 머리가 비상하여 일이나 사물을 관찰하는 힘이 매우 큰 사람이라 할 수 있으며 
남을 이끌며 일의 선두에 서기를 두려워하지 않습니다. 
경쟁을 무서워하지 않기 때문에 남에게 지는 것을 싫어하며 
때때로 사무적인 관계를 내세워 의도적으로 타인과 어울리지 못하는 흠을 가지고 있습니다. 

태양인은 특히 대변과 소변, 이중에서도 소변을 잘봐야 건강해지는 체질입니다. 
신진대사의 중요함은 이루 말할것이 없으나, 몸의 열을 밖으로 배주는 소변의 중요성은 매우 크다 할수있습니다. 
특히 몸에 열이 많은 체질이기 때문에 맑은 물을 많이 먹는 식성을 가지면 건강이 더욱 좋아지는 체질입니다. 

태양인에게 권하는 운동을 찾는다면, 조깅과 걷기운동이 최고일 것이며, 
아침일찍 더나는 낮은 산행으로의 등산과 테니스, 탁구, 당구등의 종목을 추천할 수 있습니다. 
운동이라 하여 특별히 몸에 좋지 않은것은 없을 것입니다. 
다만, 하체를 단련하는 편으로의 운동이 좋다는것을 말하는 것입니다. 
운동후 족욕(발 마사지)을 한다면 더욱 상쾌해지는 체질이라 할 수 있습니다. 

李濟馬 선생이 자신의 저서인 東醫壽世保元(동의수세보원)에 기록한 태양인에게 좋은 이로움이 있는 음식과 
그밖에 여러가지 음식물의 예를 듭니다. 

● 감잎차 
    감잎차는 신경을 안정화 시키며 숙면을 돕는 성질이 있습니다. 
    감잎차는 빈혈환자나 게, 세우등과 함께 먹는것을 피해야 합니다. 

● 고사리 
    고사리는 태양인과 소양인 모두에게 좋으며, 비뇨작용을 돕는 식물입니다. 
    고사리는 반드시 삶아 먹고 위가 약한 사람은 피하는게 좋습니다. 

● 굴 
    굴은 신경안정효과와 마음을 진정시키는데 좋습니다. 
    허리와 하체가 약한 태양인 이라면 더 할나위없이 좋은 음식인것입니다. 
    굴은 차가운 성질을 갖고 있으므로 여름철에는 상하기 쉽고 이때 암수의 형질이 바뀌므로 이 시기는 피하는것이 좋습니다. 

● 귤 
    귤은 식도와 위를 생하는 과일입니다. 
    옛부터 위장약으로도 많이 사용되는 과일이며 소화를 돕고 체기를 풀어주는 과일입니다. 

● 곶감 
    곶감에는 표면에 포도당성분이 응고된 시상이라는 성분이 있습니다. 
    이 성분은 남성의 정액을 만드는데 매우 도움이 되며 태양인은 물론 소양인에게도 도움이 되는 열매입니다. 
    소변의 분뇨를 도우며 요로염 및 방광염에도 좋은 식물입니다. 

● 녹두 
    녹두는 몸의 열을 식히는 작용을 하며 피부에나기쉬운 발진 종기등의 피부질환에 이로움이 있습니다. 
    녹두가 좋은 이유는 태양인의 특징인 몸안의 열기로인한 염증성 피부질환에 그 효과가 더욱 크기 때문입니다. 
    그러나 과식하거나 잉어와 함께먹는것을 피하며, 약을 복용하는 사람은 녹두를 먹지 말아야 합니다. 

● 다래 
    다래는 성질이 찬 열매이며 속이 답답할대와 잠이 오지않을때 먹으면 좋습니다. 
    위가 덥덥하고 대소변이 좋지 않을때 다래덩굴을 다려 먹는것도 매우 좋습니다. 

● 들깨 
    몸에 화기가 강한 태양인에게 기를 아래로 끌어 내리는 들깨와 들깨잎이 좋습니다. 
    또한 화기를 다스리며 위에 도움을 주어 위괘양이나 위점막을 감싸는 효능또한 뛰어납니다. 

● 모과 
    모과는 근육을 건강하게하는 과일로 경련, 타박상, 루마티스 관절염등에 효과가 있습니다. 
    피로회복에 효능이 좋아 목욕을 할대 모과를 탕에 넣어 수분을 피부에 흡수하게 하는 방법으로도 응용이 됩니다. 
    태양인에게있어 구토와 설사에 좋은 효능을 내지만, 소변이 적은 사람은 피하는게 좋습니다. 

● 메밀 
    메밀은 장의 운동을 도우며, 위를 상쾌하게 해줍니다. 
    특히 열을 잘 식히며 몸안의 노페물을 밖으로 밀어내는 매우 권장하는 음식이라 할 수 있습니다. 
    만일, 메밀을 먹고 알래르기증상이 보이는 체질은 무즙을 먹으면 해독에 좋습니다. 

● 메실 
    매실은 간기능을 좋게 도와줍니다. 
    과실을 했을 때, 담즙분비를 도와 소화제로도 민간에 넓리 알려져있는 식물입니다. 
    다만, 날로먹으면 청산중독을 일으켜 좋지 않으니 설탕에 재서 먹는 방식을 취하는게 좋습니다. 

● 붕어 
    붕어는 보양식으로 잘 알려져 있는 생선인데 정력증강과 간기능을 크게 돕는 생선입니다. 
    그러나, 특히나 열이많은 태양인 이라면 맵게한 음식, 매운탕쪽으로는 좋다 할 수 없습니다. 

● 솔잎 
    솔잎은 곱게 가루를 내어 물에타 먹으면 좋습니다. 
    솔잎에는 테레빈성분이 있어 콜레스테롤을 줄여주며 몸의 혈관을 확장하여 호르몬분비를 원활히 돕는 식물입니다. 
    솔잎을 먹을때는 그 선별법이 중요하므로 깊은 산의 맑은 새순을 모아 차로 달여먹는 것이 좋습니다. 

● 새우 
    새우는 고혈압, 동맥경화, 심장병을 예방해주는것으로 유명합니다. 
    새우에는 키틴성분이 잇는데, 이 성분이 변하여 키토산화 되면 콜레스테롤의 흡수를 막게 됩니다. 
    더구나 지방산과 타우린이 들어있어 성인병 예방에도 효능이 좋습니다. 

● 오가피 
    오가피는 근육경련과 마비증상을 다스리는 식물로 잘 알려져 있습니다. 
    오가피에는 몸에 좋은 많은 성분이 있는데 근육과 뼈를 튼튼하게 해주며 정력증가, 혈관이 좁아지는 증상에도 효과가 좋습니다. 
    단, 술에 담가 먹을때는 중독효과가 나올수 있기 때문에 과음은 금해야합니다. 

● 포도 
    포도는 이뇨작용이 좋아 부기를 빼주며 구토를 멈추게 해줍니다. 
    포도 뿐 아니라 농약을 주지않은 잎을 깻잎처럼 재서 먹는것도 좋은 방편이라 할 수 있습니다. 
    뿌리를 달여 먹는것도 구토를 멈추게하며 신경통과 관절염에 좋은 또다른 건강요법입니다. 

● 콩 
    콩중에서도 검은 콩은 흰머리를 검게하는 효능으로 민간에 넓리 알려져 있는데, 
    이보다는 남성의 정력을 강화시키며 모유가 나와야 하는 산모에게 특히 좋은 식물입니다. 
    검은 콩을 다려 먹으면 체내 독소가 바지며 간장을 보호하는 효과도 있습니다. 

",2
"太陰人(태음인)","태음인은 혈압이 높기 쉬운 체질이며, 특히 대변을 잘봐야 건강해지는 체질입니다. 

태음인은 태양인과 흡사한 건장한 체형이라 할수있습니다. 
차이가 있다면, 체격에 비해 두상이 작으며 가슴또한 빈약해 보인다 할 수 있습니다. 
멀리서 본다면 야윈체형으로 보이기 쉬우며, 
때때로 비만해진다면 복부와 엉덩이 중심으로 살집이 올라와 두리뭉실하게 보이기도 합니다. 
크게 상체가 발달된 것이 아니기 때문에 역삼각형의 체형도 아닌 타원형과같은 통자의 몸을 지닌 듯이 보입니다.  

비만해질 경우가 아니라면 대체로 마른듯 보이나, 복부와 엉덩이, 허벅지 중심으로 살이찌기 쉬운 체질이라 할 수 있습니다. 

가슴보다는 복부부위가 발달되어 있기 쉽기 때문에 가슴이 작아보이는 것이며, 
복부와 목덜미가 굵은 편이라 상대적으로 두상이 작아보인다는게 맞는 표현이라 할 수 있습니다. 

두상은 둥근편이며 코와 입술, 눈섭 귓볼은 두툼한 편입니다. 
머리카락은 굵은 듯하며 입다는 결이 고운 특징이 있습니다. 
눈썹이 짙은 사람이 많으며 눕썹사이에 살집이 두툼한 편입니다. 
얼굴에 수염이 많다고 할수는 없으나, 간혹 가슴에 털이 짙은 사람이 많습니다. 
태음인의 특징이라면, 복부와 허리 엉덩이가 크게 굴곡이 없으며 일자로 마른듯한 체형이라 할수있습니다. 

골격이 장대해 보이는것과 같이 손과 발은 큰직하니 큰 편이며 태양인에비해 피부가 부드러운 특징도 보이곤 합니다. 
걸음걸이를 본다면 천천히 중심이 잘 잡혀있는 안정적인 걸음자세를 걷는 그런 느낌의 체형이라 할수있습니다. 

心(심)적으로 본다면 태음인은 사교성이 매우 좋은 타입입니다. 
융통성이 많으며 때때로 묵뚝뚝해 보여도, 말수가 적어보여도 그 내면에는 근면함이 이 사람을 지탱하고 있다고 할 수 있습니다.  
사람과의 교우와 인간관계에 충실하며 때로는 타인과의 교류가 넘쳐나 
모임과 같은 장소에서 감초와 같은 분위기 메이커의 역활을 톡톡히 하곤합니다. 
간간히 오락과 유희에 집착하여 자신을 절제하지 못하는 성향을 띄기도 하는 단점이 있습니다. 

태음인의 또다른 특징이라면 O형 혈액형이 많다 할수 있습니다. 
그만큼 한국인의 대표체질이라 할수있을만치 많은 분포를 가지는 형질이 태음인인것입니다. 

태음인에게 좋은 운동을 말한다면, 
심폐기능을 원활히 할 수 있는 운동 즉, 수영과 같은 운동이 좋다 할것입니다. 
호흡을 할 경우에도 가급적 가볍게 복식호흡을 하는 것이 좋으며, 
요가와 같이 운동과 호흡을 병행하는 동작을 취하는것이 더욱 좋다 할수 있습니다. 


李濟馬 선생이 자신의 저서인 東醫壽世保元(동의수세보원)에 기록한 태음인에게 좋은 이로움이 있는 음식과 
그밖에 여러가지 음식물의 예를 듭니다. 

● 갈치 
    갈치는 열이많은 체질보다는 열이 없는 체질에 더 좋은 생선입니다. 
    껍질부위에 콜라겐과 엘라스틴성분이 많아 피부에도 좋은 것으로 알려진 생선입니다. 
    식욕이 떨어진 사람에게는 입맛을 돋구며 생리불순에도 효과가 잇는것으로 알려져 있습니다. 

● 고구마 
    고구마에는 섬유질이 가득하고 세라핀이라는 성분이 있어 변비로 고생하는 사람에게 쾌변의 시원함을 주는 식물로 유명합니다. 
    또한, 세라핀성분은 특히 껍질에 많기 때문에 잘 씻어서 껍질까지 먹는것이 효과를 더욱 높이는 방법입니다. 
    다만, 전분성분이 강해 당뇨가 있는 사람은 피하는것이 좋습니다. 

● 김 
    김은 콜레스테롤을 몸밖으로 내보내 혈압을 떨어뜨리며 동맥경화에도 좋은 식품입니다. 
    또한 입맛이 덜어진 사람에게 식욕을 증진시키며 가래를 삭히는 효능까지 있습니다. 

● 다시마 
    다시마는 특히 변비로 고생하는 사람에게 매우 좋습니다. 
    칼슘이 많아 뼈를 튼튼히 하며, 영양식으로도 매우 좋으며 고혈압, 동맥경화, 심장병예방에도 좋은 식품입니다. 
    다시마는 몸에 열이많은 태양인이나, 소음인에게도 좋은 식품입니다. 
    신진대사를 원활히 하는 식품이지만, 결핵을 앓고있는 환자는 피해야 합니다. 

● 당근 
    당근은 감기예방, 천식, 위궤양, 식욕부진에 두루 좋은 효과를 내는 식물입니다. 
    식이섬유가 풍부해 장기능을 원활히 하는 효과까지 있는 식물입니다. 

● 더덕 
    더덕은 폐의 기능을 강화시키며 가래를 삭히는 작용을 합니다. 
    더덕에는 삼에있는 사포닌성분이 함유되어 있어 위를 튼튼히 하며 정력에 도움을 주는 식물로 잘 알려져 있습니다. 
    여성들의 월경불순에도 효과가 있는 식물입니다. 
    더덕에도 노두 라고하는 꼭지부위가 있는데, 이 부위는 독성이 강해 띄어내고 먹어야 합니다. 

● 도라지 
    도라지는 천식과 기관지염에 특히 효능이 좋은 식물입니다. 
    가래가 있거나, 담배로인한 페질환이 있다면, 더없이 좋은 효과를 나타냅니다. 
    도라지는 성분이 강하기 때문에 많이 먹으면 구토를 일으킬 수 도 있습니다. 

● 두부 
    두부는 단백질이 높고 콜레스테롤을 저하시키는 리놀레산이 있어 성인병예방 및 비만예방에 좋은 음식입니다. 
    소화를 촉진시키며 장운동을 돕는 음식으로서 저칼로리 식품이라 할수있습니다. 
    두부를 먹고 체했다면 무즙을 먹으면 좋습니다. 

● 땅콩 
    땅콩속에는 레시틴이라는 성분이 있어 간장기능을 좋게하며 혈액순환을 돕는 식물입니다. 
    땅콩은 기억력을 증진시키는 식물로도 유명하며 콜레스테롤을 줄이는 기능이 있습니다. 

● 미역 
    미역은 열이많은 태양인이나, 소양인에게도 매우 좋은 식품입니다. 
    풍을 예방하며 골다공증, 변비에 더없이 좋으며, 혈액이 뭉쳐 순환이 안될때 이를 풀어주는 식품으로 잘 알려져 있습니다. 
    산후 자궁수축, 지혈작용이 좋으며, 보양식으로도 매우 좋은 식품입니다. 

● 밀 
    밀가루로 된 국수는 소화가 쉽고 대소변을 원활히 하는 음식입니다. 
    밀에는 글루텐이라는 성분이 있으며 이 성질이 글루타민산으로 몸에 들어와 머리를 맑게해줍니다. 
    빌을 먹을대는 가급적 껍질을 덜 정미한 통밀을 먹는게 보다 좋습니다. 

● 밤 
    밤은 폐기능을 좋게하며 몸을 따뜻하게 만들어 줍니다. 
    밤은 특히 신장보호, 근육강화에도 좋은 영양식품입니다. 
    밤은 불려 채로 갈은뒤 죽으로 써서 먹으면 노인들의 건강식으로도 매우 좋습니다. 

● 배 
    배는 소화효과가 뛰어나며 기침, 가래에도 좋습니다. 
    변비에도 그 효과가 뛰어나며, 이뇨작용을 쉽게 해 줍니다. 
    다만, 예로부터 임산부에게는 크게 권하지 않던 과일입니다. 

● 오디 
    오디는 뽕나무의 열매로 정력제와 눈의 피로개선에 그 효능이 좋은것으로 잘 알려진 열매입니다. 
    기억력을 좋게하며 혈색을 좋게하기때문에 수험생이나, 여자들에게 특히 선호되는 식물입니다. 
    늦여름에 초가을에 먹는 오디가 더욱 영양이 높고 좋습니다. 

● 오미자 
    오미자는 다양한 맛이 한데 어우러져있는 것으로 유명한데 기침, 가래, 천식을 가라앉히며, 
    몸에 기력을 주어 피곤함을 떨쳐주는 열매입니다. 
    봄철의 춘곤증을 사라지게 하며, 기운을 복돋워주기때문에 봄과 여름에 더욱 효과가 좋은 식물입니다. 

● 연근 
    연근은 신장기능을 강화시키며 소변이 잘 나오게 돕습니다. 
    열을 내리게 하며 여름철 갈증이 심할때 먹으면 좋은 음식입니다. 

● 율무 
    율무는 태음인에게 매우 좋은 식물입니다. 
    몸의 노폐물을 빼주며 어린아이들과 여성들에게 더욱 좋은 음식입니다. 
    율무는 비장을 튼튼히 해주며 위와 폐의 기능을 좋게 만들며 몸의 열을 식히는 음식입니다. 

● 잉어 
    잉어는 혈액순환을 도우며 천식이나, 기침감기가 있을때에도 좋은 음식입니다. 
    영양가가 높아 산후 몸조리용으로도 좋으며 혈압이 높은 사람에게도 잘 맞는 음식입니다. 
    잉어는 정자를 생성하며 원기를 불어넣는 기능이 좋아 보신용으로 널리알려진 생선입니다. 
",3
"少陽人(소양인)","소양인은 눈이 보이는 가시적인 체격이 태양인에 비해 작다할 수 있으나, 
태양인과 비슷하게 상체가 하체보다 발달되어있는 체격입니다. 
머리와 가슴이 발달되어 있으며, 허리아래 엉덩이와 다리가 외소하게 보이는 것이 특징입니다. 

마치 태양인의 축소판이라 할 수 있으나, 뼈와 뻐사이의 연골이 약한 체질이며 가슴과 유방이 크게 잘 발달되어 있습니다. 
발목과 손목이 가늘지만, 어깨부위나 엉덩이는 의외로 살이 붙어있는 경우가 많습니다. 

소양인또한 태양인과 같이 몸에 화기가 강하기 때문에 고요한 평상심을 키워 마음을 다스릴 수 있게 힘을 기울여야 합니다.

감정의 기복이 클 수 있기 때문에 감성적 희비가 교차하기 쉬운 체질이며 
신장과 심장, 더 나아가서는 신경계쪽인 척추와 목의 손상또한 주의해야 하는 체질입니다. 

소양인의 체질을 판단하는 기준이라 할 수 있을정도로 가슴은 크며 잘 발달되어 있는것이 특징입니다. 
그렇기 때문에 태양인과 같이 흉부에 비해 하체가 약하다고 말할수 있는 것입니다. 

소양인이 살이 찐다면, 엉덩이와 골반부위, 허벅지 안쪽까지 비만해지기 쉽습니다. 
그러니, 체격에서오는 걸음걸이를 살핀다면 집오리와 같이 엉덩이를 흔드는 걸음걸이로 나오기가 쉬운것입니다. 
소양인은 손발이 작다 할수있지만, 
반면에 따듯한 손발을 가지며 예쁘고 가는 손마디를 가지는것 또한 특징입니다. 

두상은 둥굴면서도 역삼각형에 가깝습니다. 
눈섭은 곱고 눈이 동그랗기 쉬워 동안의 모습이 많다 할 수 있습니다. 
입술이 얇고 작으며 콧대가 있으며 얼굴전체의 윤곽이 선명합니다. 

心(심)적으로 본다면 소양인은 성격이 무난하고 곱지만, 때때로 충동적이며, 자신의 일에 열정을 가지고 있습니다. 
두뇌회전이 빨라 재치가 있으며 손재주가 뛰어나 예술을 다루는 일을 종종하기도 합니다. 
그만큼 섬세함이 긷들어있는 체형인 것입니다. 

두상을 본다면 머리숱이 많으며 한국인에서 찾는다면 조금은 곱슬머리가 많은것도 특징입니다. 
머리결은 까맣고 곱게 윤기가 흐르는 사람이 많습니다. 

소양인에게 권하는 운동은 태양인과 같은 걷기와 조깅이라 할 수 있습니다. 
온몸을 움직이는 체조와 애어로빅, 스포츠댄스도 권할 수 있으며, 싸이클을 타는것도 매우 좋은 운동이라 할 수 있습니다. 
가능하다면, 팔다리의 약한 골격과 마디를 단련하는 운동을 찾는것이 좋으며 
어린 아이에게는 태권도와 같은 온몸을 움직이게하는 운동을 시키는것도 매우 좋다고 할 수 있습니다. 

李濟馬 선생이 자신의 저서인 東醫壽世保元(동의수세보원)에 기록한 소양인에게 좋은 이로움이 있는 음식과 
그밖에 여러가지 음식물의 예를 듭니다. 

● 가지 
    가지는 고혈압을 완하시켜주는 작용을 하는 식물로 유명합니다. 
    동맥경화증상이나, 순환기쪽으로의 예방에도 좋으며 그 성질이 차기때문에 열이많은 태양인이나 소양인에게도 매우 좋습니다. 
    가지는 햇볕을 잘 밭은 진한 자주색의 가지가 더욱 좋습니다. 

● 결명자 
    결명자는 눈의 피로를 풀어주며 충혈에 좋고 눈을 맑게해주는 식물입니다. 
    이뇨작용이 좋으며 장운동에도 도움을 주기 때문에 변비에도 좋은 효능이 있습니다. 
    특히 소양인과 태음인에게 좋은 음식으로 한방에서 권하는 식품이며 복부비만, 하체비만에도 좋은 효과가 있습니다. 

● 구기자 
    구기자는 다리와 허리를 보호해주며 감기 기침을 멎게하는 효능이 잇습니다. 
    시력감퇴에도 효과가 좋은 식물이며 마음을 차분히 가라앉히는 신경안정제로도 쓰입니다. 
    
● 녹두 
    녹두는 해열작용이 좋은 식물입니다. 
    더위를 먹었을때나 갈증이 심할경우 녹두가 좋으며 당뇨병으로 고생하는 사람에게 권하는 음식입니다. 
    특히 입냄새가 심한경우 녹두를 먹으면 악취제거 효과가 매우 좋습니다. 

● 미나리 
    미나리는 이뇨작용과 해독작용이 뛰어나기 때문에 숙취해소에도 좋은 효과가 있는 식물입니다. 
    독성을 제거해서 몸밖으로 빼주는 기능이 매우 좋아 약물중독이나, 식중독, 또는 체했을때도 좋은 건강음식입니다. 
    미나리는 소화기능이 약할때나, 몸이 찬 사람은 가급적 소량을 섭취하거나 먹지 않는것이 좋습니다. 

● 보리 
    보리는 해열작용이 뛰어나며 이뇨작용, 소염작용이 좋아 방광염에도 좋은 음식입니다. 
    열이많이 나는 체질에 더욱 좋으며 갈증해소에도 좋은 음식입니다. 피가 맑아지기때문에 피부가 고아지는 효과도 있습니다. 
    다만, 몸이 차거나 설사를 하는경우는 먹지 않는것이 좋습니다. 

● 상추 
    상추는 신경안정을 도우며 소화를 도와 육식섭취를 많이 하는 사람에게 보다 좋습니다. 
    피를 맑게하는 정혈작용을 하며 몸안의 유해독소를 밖으로 빼내는 역활을 하는 식물입니다. 
    상추는 숙취해소에 좋으며, 변비에도 좋습니다. 
    피로하고 화기가 쎄어 마음을 안정하지 못할때, 불면증으로 고생할때 상추를 먹으면 좋습니다. 

● 산수유 
    산수유는 간장과 신장기능의 개선을 돕는 식물입니다. 
    또한 귀에서 소리가 들리는 이명현상에도 그 효과가 매우 좋은식물입니다. 

● 산딸기 
    산딸기는 강장제로 더할나위없이 좋으며, 약화된 성욕을 크게 키울수있는 효과가 있습니다. 
    산딸기는 복분자라고 불리기도 합니다. 
    피로를 느끼기 쉬운 갱년기에 접어들은 사람에게 매우 좋은 식물입니다. 

● 수박 
    수박은 특히 대소변을 잘봐야하는 태양인과 소양인에게 더없이 좋은 여름과일입니다. 
    수박에는 시트롤린이라는 성분이 있어 체내독소를 제거해주며 열이많은 체질의 열기와 화기를 식혀주는 음식입니다. 
    간혹, 수박의 씨를 으께서 먹는 사람이 있는데, 수박씨는 협압을 낮추고 화기를 진정시키며 통증을 완하시키는 작용을 합니다. 
    단, 소화기장애로인해 설사가 자주나는 사람은 수박을 피해야하며, 평소 물을 잘 먹지않는 체질은 과식을 금해야합니다. 

● 전복 
    전복은 영양성분이 매우 높아 몸이 약하거나, 기가 약할때 자양강장음식으로 많이 쓰이는 음식입니다. 
    몸의 피로를 풀어주며, 시력감퇴등으로 눈에 영양을 줄때 특히 전복이 좋습니다. 
    눈의 피로, 입안이 마르고 헐때, 신경안정을 요할때 특히 좋은 음식이며 소리가 울리는 이명현상에도 좋은 효가가 있습니다. 
    몸이 차거나 설사가 잦으면 전복을 피하는게 좋습니다. 

● 질경이 
    질경이는 흔히 약재로만 쓰인다 생각할 수 있으나, 풍독이나 어지러움증, 몸안의 기생충을 없에는 효능을 지니고 있습니다. 
    차로해서 연하게 물마시듯 한다면, 요통이나, 설사 등에도 좋으며, 눈을 맑게 도와주기도 합니다. 

● 엿기름 
    엿기름은 간염을 치료하는데 효과가 탁월합니다. 
    흔히 식혜를 만들때 엿기름을 많이 쓰기때문에 소화제로도 그 활용범위가 큰 식품입니다. 

● 우엉 
    신장이 약한 사람에게 우엉은 매우 좋습니다. 
    혓바늘이 돋거나, 입안에서 악취가 난다면 필히 우엉을 먹는게 상책일정도로 효과가 좋습니다. 
    소화를 돕고 특히 대변을 원활히 돕는 기능이 있습니다. 

● 오이 
    오이는 이뇨작용이 매우 우수합니다. 
    입안의 타액과 위액을 생성하며 몸안의 노폐물을 잘 빼주는 역활을 합니다. 

● 죽순 
    죽순을 몸의 열을 내리며 장운동을 활발히해주는 효과가 탁월합니다. 
    해열제로서 탁월함을 보이는가 하면 순환기계통에도 좋아 얼굴의 화색을 좋게 만드는 장점이 있습니다. 
    죽순외에 잎사귀는 열감기에 좋으며, 껍질은 놀란가슴을 안정시키는데 좋으며, 
    대나무열매는 몸안에 생기는 적취라 일컫는 종양제거에도 탁월함이 있습니다. 

● 팥 
    팥은 신장병과 방광염을 치료하는데 도움이 큰 식물입니다. 
    이뇨작용이 좋으며, 몸안의 유해 독성을 풀어주는 기능또한 가지고 있습니다. 
    종양과 어혈을 제거해주며, 사포닌이 들어있어 몸의 독성을 제거하며 피를 맑게해주고 장을 깨끗이 해주는 식물입니다. 

● 호박 
    호박은 중풍예방, 종기나 물집이 생기기 쉬운 체질에 더할나위없이 좋은 영양식입니다. 
    임산부에게 특히 좋으며 요통, 복통, 하혈에도 그 효과가 뛰어난 식물입니다. 
    호박은 씨앗까지 그 효능이 좋은 식물로서 편도선염으로 고생을 한다면 씨앗으로 염증을 아물게 할수도 있습니다. 

● 해삼 
    해삼은 정력보충, 노화방지, 피로회복에 좋은 영양식품입니다. 
    해삼은 마음을 가라앉히고 고혈압, 동맥경화, 당뇨병에도 좋은 식품입니다. 
    강정제로 유명한 해삼이지만, 열이 많은 태양인이나 소양인에게도 매우 적합한 음식이라 할 수 있습니다. 
",4
"少陰人(소음인)","소음인은 체격이 외소하고 전체적으로 아담한 느낌을 줍니다. 
흉부가 발달되지 못해 가슴이 작으며 여간해서는 비만해지지 않는 체질을 소유한 사람이라 할 수 있습니다. 

소음인은 상체보다는 하체가 균형있게 발달되어 있습니다. 
몸의 동작이 빠르듯 부지런하며 달리기와 조깅을 잘하는 체질입니다. 
어려서 일찌기 운동을 좋아하는 특성이 있어서 체조와 육상, 마라톤에 소질을 보이기도 합니다. 

엉덩이는 전체적으로 통통한 편이며, 상체에 비해 중간과 하체가 발달되어있다 할 수 있습니다. 
중간이 발달되어 있다고 하여 통통한 것이 아니며, 
개미와 같이 들어갈곳은 들어가고 나올곳은 나온 듯이 균형있게 발달되어 있다는 뜻입니다. 

손발은 태음인과 마찮가지로 체형에비해 큰 느낌을 주지만, 
마디가 가늘고 발톱, 손톱또한 크기가 작고 응축되어있기 쉽습니다. 
또한 손과 발은 가는만큼 찬가운 편이라 할수있습니다.

피부가 약하고 민감하기 쉬워 작은 충격에도 쉽게 멍이 들곤 합니다. 
소음인의 체질적 특징을 꼽는다면, 겨울철에 입술이 잘 트며 눈가와 입가에 주름이 지기 쉽습니다. 

두상은 아담한 모양의 계란형이 많습니다. 
모리카락은 비교적 검은 빛이 나며 숱이 많은것도 소음인의 외견상의 특징입니다. 
눈섭또한 가늘고 부드럽습니다. 
소음인중에는 선남선녀가 많으며 그만큼 이목구비가 작지만 반듯한 사람이 많습니다. 
코가 오독하며 눈매가 선명하며 귀가 작은 편인 사람이 많습니다. 

心(심)적으로 본다면 대단히 감성이 풍부하며 민감한 성품을 가지기 쉽습니다. 
로멘티스트라는 단어가 소음인의 성격을 대변한다 할수있을 정도입니다. 
내성적인 성품이 강하면서도 사물의 장단점을 잘 파악하는 섬세함이 긷들어있는 사람입니다. 
잔 걱정이 있는 사람이 많아 담담함과 적극성을 지닐수있게 해야 더욱 좋으며 몸을 보양하듯 소화장기를 튼튼히 해야 좋습니다. 

소음인은 등산과 산책, 조깅의 운동이 좋습니다. 
더불어 복부를 단련하는 줄넘기와 윗몸일으켜기 등의 운동이 좋습니다. 
허리를 돌리고 위아래로 구부렸다 펴는 운동이 좋으며, 운동기구를 이용한 트위스트작용을 돕는 운동이 좋다 할 수 있습니다. 
그러나, 현대인들은 마음으로만 운동을 하는 경우가 많습니다. 
체질을 떠나 모든 운동은 몸에 해로운것이 없을 것입니다. 
무엇보다 규칙적인 운동습관을 들이는것이 장수의 비결이라 할 수 있습니다. 

李濟馬 선생이 자신의 저서인 東醫壽世保元(동의수세보원)에 기록한 소음인에게 좋은 이로움이 있는 음식과 
그밖에 여러가지 음식물의 예를 듭니다. 

● 감자 
    감자는 몸의 피로를 풀어주며 항체형성을 도와 몸에 면역력을 키우는 식물입니다. 
    감기예방에 좋으며 위를 편안히 해주며 설사증상에도 좋은 식품입니다. 
    몸에 차가운 사람에게 더욱 좋으며 감자를 오래두면 싹이 자라고 색이 파란색을 띄게 되는데, 
    이때 솔라린이라는 독성이 생기기 때문에 싹과 변색된 감자는 피하는게 좋습니다. 

● 계피 
    계피는 몸에 열을내게하며 소화장애, 설사를 할때 이를 막아주는 식물입니다. 
    몸이 특히 찬 사람에게 좋으며 심장을 강화시키는 효과가 있습니다. 
    보통은 수정과와같은 음료로 섭취하는것이 좋으며, 열이 많은 사람은 적게 섭취하는것이 좋습니다. 

● 대추 
    대추는 마음을 안정시키며, 몸의 피로를 풀어주는 식물입니다. 
    가슴이 답답한 사람에게 좋으며, 차로 달여먹으면 심신이 편안해지는 효과가 있습니다. 

● 도토리 
    도토리는 방광염에 특히 좋습니다. 
    또한 다뜻한 성질을 지닌 열매라서 몸이 차갑고 생리불순이 있는 사람에게 효과를 줄 수 있습니다. 
    다만, 몸에 열이 많은 사람이 많은양을 먹게되면, 혈액순환장애와 변비가 생길수도 있습니다. 

● 마늘 
    마늘은 정장작용이 좋으며 소화장애가 있는 사람 특히 소음인에게 매우 좋은 식물입니다. 
    혈액순환을 도우며 몸에 열을 내게 해주므로 가급적 몸이 차가운 사람에게 더할나위없이 좋은 식물입니다. 
    냉 대하, 허리통증이 잇을때 먹으면 좋습니다. 

● 미꾸라지 
    미꾸라지는 몸에 기를 체우며 오장을 보호하는 어류입니다. 
    소화가 잘 안되고 설사가 쉽게 나오는 사람에게 특히 좋은 음식이 되며 원기회복에 더욱 좋습니다. 
    주로 탕으로 먹는 방식이 효능을 크게 극대화하는 방법이며, 몸이 차가운 사람에게 좋은 보양식이 됩니다. 

● 박하 
    박하는 소화장기를 튼튼히 만들어주며, 특히 위와 장을 보호하는 식물입니다. 
    몸에 열과 풍기를 제거하며 눈을 맑게해주는 효과또한 있습니다. 
    열감기와 가래를 삭히며 더불어 몸의 피로를 풀어주기도 합니다. 
    박하잎을 차로 만들어 공복에 틈틈히 엷게 마시면 좋습니다. 

● 복숭아 
    복숭아는 열이 나는 식물입니다. 
    몸이 찬 사람이나, 냉증이 있는 사람에게 더할나위없이 좋은 식물입니다. 
    감기를 예방하며, 심폐기능을 강화하며 눈을 막게하고 피를 맑게해주는 해독작용으로도 유명합니다. 
    복숭아는 다만, 체질에따라 알러지를 일으키기 쉬운 과일이므로 사전에 알러지증상이 있는지 확인하고 먹어야 합니다. 

● 부추 
    부추는 위와 장의 기능을 강화시킵니다. 
    복통과 설사가 일어나기 쉬운 사람에게 더욱 권하는 식물이며피를 맑게해주며, 허리를 튼튼히 만드는 식물입니다. 
    부추를 먹으면 몸이 따스해지므로 열이 많은 사람보다는 몸이 찬 사람에게 더욱 권하는 식물입니다. 

● 사과 
    사과는 위액분비를 촉진시켜 식욕증진을 도우며 수분탈진으로인한 갈증해소와 피로에 좋은 열매입니다. 
    특히 고혈압으로 고생하는 사람에게 사과는 혈압을 낮추며 몸의 화기를 줄이는 효과를 보입니다. 
    여성들에게는 피부노화방지 및 피부결을 곱게하여 각광받는 식물이라 할수있습니다. 
    다만, 몸에 열이 많은 사람이 사과를 많이 먹으면 목에 가래가 생길수 있음을 유의해야 합니다. 

● 생강 
    생강은 소화기관이 약한 소음인에게 매우 좋습니다. 
    피로회복, 혈액순환에 좋으며 몸을 따스하게 보호해주는 성분이 잇어 겨울철에 특히 좋습니다. 
    다만, 피부병, 눈충혈, 치질등이 있을때는 삼가하는게 좋습니다. 

● 쑥 
    쑥은 몸이 차거나 소화가 안될때 권하는 식물로 잘 알려져있습니다. 
    신경통, 감기몸살, 월경불순에 특히 좋은 효과를 나타내는 식물입니다. 
    다만, 월경중인 때에는 먹는것을 삼가하는게 좋습니다. 

● 산초 
    산초는 비린내를 없애주는 산숄이라는 성분이 강해 보통 추어탕에 많이 쓰이는 식물입니다. 
    그만큼 강한 향신료로 쓰이지만, 식욕증진, 소화흡수, 설사예방에 탁월한 효과가 있는 식물입니다. 
    산초는 성질이 매우강해 가급적 임삼부는 피하는게 좋습니다. 

● 차조 
    차조는 보리와 같이 성질이 차가은 곡식이며 열이 많은 태양인과 소양인에게 어울리는 곡식입니다. 
    장의 원활한 운동을 도우며 신장을 활성화하고 기력이 쳐진 사람에게 맞는 곡식입니다. 
    차조는 떡이나 술로 빚어 약주로 소량식 먹는게 몸에 좋으며 인삼과 잘 어울리는 곡식입니다. 

● 양배추 
    양배추는 몸안에있는 노폐물을 씻어주는 역활을 하며 피가 맑아지고 간이 튼튼해지는 식물입니다. 
    양배추에는 비타민과 이온, 염소가 많은데 이때문에 피부를 깨끗히하는 미용식품으로 더욱 효과를 볼 수 있습니다. 

● 양파 
    양파는 피로회복에 더할나위없이 좋습니다. 
    위산분비를 도와 소화장애가 있는 사람에게도 권장하는 식물이며 불면증을 치료하며 몸의 혈액순환을 돕는 식물입니다. 

● 파 
    파는 열이 많은 식물입니다. 
    소화를 도우며 피로회복에 도움을 주며, 몸에 냉증이 있는 사람에게 권하는 식물입니다. 
    파는 중풍과 시력개선, 얼굴에 난 종기를 없애는 식물로 유명하지만, 
    과용하면 땀을 많이 흘리게 되는 식물이라 화기가 강한 열이많은 체질은 적게 섭취해야 합니다. 

● 황기 
    황기는 약제로 주로쓰이는 식물입니다. 
    원기회복을 도우며 땀을 많이 흘리는 체질의 개선작용을 합니다. 
    비장과 위장을 감사며 심장을 튼튼히 만들며 설사를 멈추게 하는 작용도 합니다. 
    황기는 몸이 찬 사람에게 특히 좋으며 피부미용에도 탁월함이 있는 식물로 잘 알려져 있습니다. 
",5
"전통보양음식이란?","
사상체질에서 알 수 있듯이 우리의 몸은 각각의 음식물에 따라 
건강을 얻는 若(약)이 되는 음식과 한편으로는 몸에 해로움이 긷드는 病(병)이 되는 음식물을 자생적으로 구분합니다. 
일상적인 음식이라 할지라도 때로는 많이 먹어 독이 될수도 있는 것이며, 
반대로 상극이 되어 독을 풀어주는 음식으로 건강을 찾을 수도 있는 것입니다. 

그만큼 체질에 따라 이로움과 해로움의 구분이 생기기 쉬우며, 
이를 반대로 생각해보면, 몸의 장기또한 이로움과 해로움을 스스로 구분할 수 있다고 볼 수 있는 것입니다. 

보양음식이란, 오래전부터 민간과 한의를 통해 내려오는 몸을 이롭게 만드는 보양식에 관한내용을 위주로 하여 
병세에 따른 이로움이 큰 약효를 지닌 음식을 토대로 내용을 정리한것입니다. 

작은 참고로 여겨 몸의 건강과 장수를 돕게하시기 바랍니다. 
단, 이 글에 소개되는 病(병)의 증세와 음식은 전문의(의사 등)와 반드시 상담한 후 에 쓰는것이 좋다는것을 꼭 알려드립니다. 



※ 병증의 분류. 


1. 고지혈증(지방간) 

고지혈증이란 핵액속에 동물성 기름이 쌓여 혈액순환을 방해하며, 
혈중 콜레스테롤의 수치를 증가시켜 심장발작, 뇌경색등 뇌질환으로 발병하기 쉽게되는 질환을 말하는 것입니다. 
주된 원인은 동물성 지방섭취라 할 수 있으며, 
체내에 쌓인 독성을 간에서 충분히 해독을 시키지 못하고 간에 축적되 간기능저하의 원인이 되며 
이로인해 더욱 건강이 나빠지게 되는 것입니다. 

고지혈증치료는 특히 식이요법과 운동요법으로 치료를 하는 것이 적성으로 알려져 있습니다. 
그만큼 육류섭취를 줄이고 음주를 피하는 식으로 건강을 찾아야 하는 것이며, 
적당하고 구준한 운동으로 몸의 신진대사를 원활히 해야만 하는 것입니다. 

지방간의 증세가 있다면 간의 기능을 원활히 돌아갈수 있게 젊은 간으로 가꿔야 합니다. 
반드시 술을 마시지 말아야 합니다. 

● 결명자차 
    간기능에 좋은 식품으로 결명자차를 들수 있습니다. 
    그 뿐만아니라 눈의 피로를 줄이며 시력을 보호하는 기능에도 좋은 식품으로 넓리 알려져있으며 
    결명자차를 자주 먹음으로인해 혈액속의 지방이 혈관에 달라붙는것을 크게 예방할 수 있습니다. 
    결명자는 간기능을 크게 도와 몸의 독소를 밖으로 뽑아내는데 좋은 효능을 보이는 식물입니다. 

● 구기자 
    구기자는 간세포내에 콜레스테롤이 쌓이는것을 억제하여 간기능을 돕는 식물로 잘 알려져 있습니다. 
    특히 체내에 지방간이 많은 사람에게 지방을 씻겨주는 효과를 얻을 수있어 더욱 좋습니다. 

● 다시마 
    다시마에는 칼슘, 나트륨, 일긴산, 마그네슘등 풍부한 미네랄이 함유되어 있어 우리몸의 신진대사를 크게 돕는 식물입니다. 
    특히 알긴산은 혈중 콜레스테롤의 수치를 내리게하여 피의 흐름을 원활히 하기 때문에 
    고지혈증에 탁월한 효능을 주는것으로 잘 알려진 식품입니다. 

● 양파 
    한방에서는 산촌이라는 이름으로 넓리 알려진 식물입니다. 
    양파는 모든 장기에 기력을 실어주며 특히 고지혈증에 그 효과가 탁월한것으로 잘 알려져 있습니다. 
    양파를 달여 즙으로 먹으면 혈관속의 혈전을 용해시키고 혈액순환을 원활히 해주기 때문에 매우 좋은 효과를 얻을 수 있습니다. 




2. 고혈압 

고혈압은 비만과 병행하여 나타나기 쉬운 질환입니다. 
서구화된 식생활의 영향으로 비만이 되기 쉬우며 음식물에 들어있는 과도한 염분섭취또한 비만의 원인이 되는것입니다. 
고 칼로리를 얻는 음식물을 다량으로 섭취하거나 특히, 
동물성지방 의 한 종류인 콜레스테롤을 과다 섭취했을때 고혈압으로 연결되기 쉽습니다. 
기름기가 많은 동물성육류를 피하고 어패류나 식물성위주의 식단을 꾸미는것이 고혈압예방에 많은 도음이 됩니다. 

고혈압은 유전이 원인이 되기도 하지만, 과도한 스트레스가 주된 원인으로 작용되기도 합니다. 
식생활로 예방및 치료를 하는것이 좋은데, 
술과 담배를 끊고 염분섭취를 줄이는 방향으로 식생활을 개선하는것이 매우 중요합니다. 

● 곤약 
    곤약은 구약나물이라 불리우는 식물로 줄기를 고아서 이를 굳힌 식품으로 쉽게 접할수 잇습니다. 
    곤약의 대부분은 수분이며 식물성 섬유질이 풍부하며 칼로리가 적어 
    식이요법을 하는 사람에게 더욱 좋은 식품이라 할수있습니다. 
    곤약에는 클리코만난이라는 성분이 있어 혈중 콜레스테롤의 수치를 낮추는 데 효과가 큽니다. 

● 녹차 
    녹차에는 타닌성분이 들어있어 몸안의 지방을 분해해줍니다. 
    때문에 기름진 음식을 먹은 후 이따금 입가 쉼으로 녹차를 들곤 하는 것입니다. 
    녹차는 지방을 분해해주기도 하지만, 여성들에겐 장기복용으로 비만을 없애는 다이어트 식품으로서도 잘 알려져 있습니다. 

● 죽순 
    죽순은 단백질이 풍부하며 비타민 B, 비타만 C, 섬유질, 그리닌, 펙틴등이 매우 풍부합니다. 
    죽순요리를 먹으면 고혈압은 물론이며 비만치료에도 크게 개선효과를 얻을 수 있습니다. 

● 뽕잎 
    혈압을 안정시키는데는 뽕나무 만큼 좋은 효과도 드물것입니다. 
    뽕나무의 열매를 먹는것도 좋으며, 뽕잎을 달여 하루에 수차례씩 마시는 방법이 좋습니다. 

● 호박씨 
    호박에는 불포화지방산이 풍부해 혈액순환을 크게 도우며 모세혈관을 깨끗이 정화시켜줍니다. 
    호박씨를 햇볕에 잘 말렸다가 차로 끊여 연하게 마시면 고혈압예방 뿐아니라 치료효과 또한 볼 수 있습니다. 

● 식이섬유 
    식이섬유가 많은 과일과 야채가 고혈압에 좋습니다. 
    고혈압과 동맥경화를 막아주는 사과, 수박, 딸기, 무화과, 키위, 귤, 복숭아 등 
    과일을 자주먹는 식단으로 체질개선을 하는것이 좋은 예방법이 되는 것입니다. 




3. 관절염 

나이가 들수록 관절염으로 인해 고통을 받는 사람이 많습니다. 
관절염이란 뼈마디 사이에 세균이 침투하여 염증이 생기는 것을 말합니다. 
관절염의 증상은 다양하며 흔히 퇴행성관절염과 류마티스 관절염으로 크게 나눌 수 있습니다. 

퇴행성관절염은 노화에 따른 관절부위의 약화로 인해 생기는 것으로 
무리하게 움직이면 뼈마디가 붓고 통증이 동반되는것을 말합니다. 

류마티스 관절염은 비정상적인 면역체계의 반응으로인해 염증이 생기는 현상으로 
관절이 붓고 통증이 동반되며 심한경우 신경을 눌러 통증부위가 절이고 마비가 되기도 합니다. 

관절염은 비만이 심해질수록 증세가 악화되기 때문에 
건강을 유지하는 적당한 운동(가벼운 수영/ 산보등)을 통해 평상시 관절을 튼튼하게 유지하는것이 중요합니다. 

● 겨자 
    겨자에 알콜(소주)를 조금 넣고 개어서 연고식으로 환주를 찜질하는 것입니다. 
    겨자를 개어서 환부에 바르면 통증부위의 혈액순환이 이루어져 근본 치료는 못되더라도 작게라도 도움이 됩니다. 

● 솔잎 
    솔잎은 혈액순환을 도우며 고혈압과 동맥경화를 치료하는 효과를 얻을 수 있습니다. 
    깨끗한 솔잎을 소금을 넣고 찜통에 쪄낸다음 헝겁을 이용해 환부를 찜질하는것으로 관절염을 치료합니다. 
    목욕시에도 솔잎을 쪄낸 물을 목욕물에 타서 이용해도 좋습니다. 

● 엄나무 
    엄나무껍질은 한방에서 해동피 로 불리는데, 어깨나 팔의 관절염치료에 더욱 좋은 효과를 얻을 수 있습니다. 
    엄나무 껍질을 흐리게 끊여서 차를 마시듯 하면 좋습니다. 
    엄나무 껍질은 관절염치료 외에 피부미용에도 좋은 효과를 가집니다. 

● 쑥 
    쑥은 몸을 데피는 식물입니다. 
    열이나는 식물이기 때문에 손발이 차가운 관절염환자에게 더없이 좋은 효과를 줍니다. 
    신진대사를 원활히 할수 있으며 혈액순환을 돕기 때문에 뜨겁게 쪄낸 쑥을 이용하여 환부를 찜질해도 좋으며, 
    목욕시 쑥물을 타서 몸을 씻는것도 하나의 방법이 될수 있습니다. 

● 천남성 
    천남성은 주로 한약재로 쓰이는 식물이며, 
    잘 말려서 가루를 내어 연고로 만들어 환부에 바르면 통증을 낫게하는 효과를 볼 수 있습니다. 
    연고를 만드는 방법은 천남성가루를 밀가루와 식초를 넣고 물에 게어 쓰는 것입니다. 
    천남성과 같은 약재는 가볍게 바르고 일정기간 시간을 둔후 다시 교체하는 식으로 약하게 반복하는것이 좋습니다. 




4. 기관지(천식) 

기관지가 좋지않아 천식증세가 있는 사람들은 일교차가 큰 환절기에 더욱 건강이 좋지 않게 됩니다. 
비단, 겨울철 뿐 아니라 봄에서 여름으로 가는 환절기에도 그 증세가 심하게 나오기 때문에 
기도를 보호하고 감기에 걸리지 않도록 신경을 써야 합니다. 
천식은 건조한 기후로인해 기도가 쉽게 수축되어 이상이 있기 쉬우며, 
담배연기와 같은 공해물질과 산업장에서의 나쁜 공기를 마쉼으로인해 더욱 건강이 나빠지기 쉬운 질병입니다. 

천식은 가급적 음식을 소량으로 섭취하는것이 좋으며 감미료와 화학조미료와 같은 성분이 첨가된 식품은 피하는게 좋습니다. 
더우기 초콜릿, 메밀, 토란은 가급적 피하고 평상시 적당한 운동과 맑은 살림욕을 하는것이 우선이라 할것입니다. 

● 도라지 
    도라지에는 사포닌이나 풀라틱코딘과 같은 성분이 있어 거담작용과 진해작용이 매우 우수한 식물입니다. 
    도라지를 무쳐먹어도 좋으며 특히, 끊여서 차로 달여마시는 방법이 매우 좋습니다. 

● 무 
    무는 점막에 생기는 병을 고치기 때문에 흔히 진해거담제로 많이 알려져 있습니다. 
    기침가래증세에 매우 효과가 좋으며, 즙으로 짜서 먹는것도 좋은 효과를 낼수 있습니다. 

● 배 
    배는 천식으로 고생하는 사람에게있어 특히, 목의 보호에 큰 효과를 주는 과일입니다. 
    감기예방으로도 배는 효과가 좋으며, 연근즙과 섞어서 불에 우려낸 무즙을 먹으면 더욱 좋은 효과를 얻을 수 있습니다. 

● 은행 
    은행은 천식을 가라앉히고 기침을 멈추게합니다. 
    은행은 속껍질채 먹어도 좋지만 기도에 껍질이 달라붙기 쉽기 때문에 
    어린아이가 먹을 때에는 껍질을 벗기고 소량(3알정도)씩 하루 두세번만 먹는것이 좋습니다. 
    은행은 성분이 강합니다. 과다복용하면 오히려 해가 될 수 있으니, 이점을 유의해야 합니다. 




5. 기미(주근깨) 

기미와 주근깨는 피부 표면에 멜라닌성분이 과도하게 일어남으로 인해 발생합니다. 
과도한 햇빛에 노출되어 피부표피가 상하며 이때 기미와 주근깨가 발생되는 것이라 할 수 있습니다. 
기미는 얼굴주위(뺨, 눈가, 코)에 쉽게 발생하며 
주근깨역시 햇볕에 노출되기 쉬운 얼굴과 손등에 잘 생깁니다. 
햇볕을 받는중 강한 자외선으로 인해 멜라닌색소를 합성하는 피부효소가 활성화 되면서 
반점이 생기며 기미와 주근깨의 량역시 늘어가는 것입니다. 

예방차원에서 되도록 햇빛의 직사광선을 피하며 비타민 C 가 많이 함유된 과일과 채소를 많이 먹는것이 특히 중요합니다. 
비타민 C는 몸 체세포내의 산화환원작용을 촉진시켜 신진대사기능을 크게 도우며 기미와 주근깨를 예방할수가 있는 것입니다. 

● 김 
    미네랄과 비타민 C 가 풍부한 김은 기미 주근깨예방에 매우 좋은 식품입니다. 

● 살구씨 
    살구씨는 아미그달린이라는 성분이 있어 피부미용에 더욱 좋은 식물입니다. 
    살구씨를 가루로내어 꿀과함께 팩을이용하여 얼굴에 바르는 등으로 좋은 좋과를 얻을 수 있습니다. 

● 율무 
    율무는 소염, 진통작용이 뒤어난 식물입니다. 
    또한 피로회복을 도우며 기미와 주근깨의 예방과 치료에 좋은 효과를 얻을 수 있는 식물입니다. 
    시중에 흔한 율무차를 이용하는것이 흔한방식이며, 쌀과 혼용하여 잡곡으로 먹는것도 좋습니다. 

● 표고버섯 
    표고버섯은 눈가와 입가의 잔주름을 없애주는 효과를 얻을 수 있습니다. 
    또한 거칠어진 표피를 부드럽게 만들어 주는 식물로서 가루를 내어 꿀과 섞어 마사지하는 형식으로 이용하면 
    좋은 피부개선효과를 얻을 수 있습니다. 




6. 기생충(구충) 

몸안에 기생충이 있으면 입술에 혈색이 없어지며 식사량을 많이 먹어도 쉽게 배가 고파집니다. 
간혹 배가 아프기도 하며 엉덩이 특히, 항문주위가 가렵다고 호소를 하게 됩니다. 
기생충은 성인보다는 어린아이들에게 생기기 쉬우며 
성장기 어린아이들에게는 더욱 치명적이라 할만치 빠른 치료를 해 주어야 합니다. 
증상이 쉽게 나타나지 않기 때문에 정기적으로 구충제를 먹는 방식이 좋으며, 
애완동물을 통해 감염되는 사례가 많기 때문에 더욱 청결에 신경써야 합니다. 

● 마늘 
    마늘은 독성이 강해 강력한 항균작용을 합니다. 
    때문에 마늘을 많이 먹으면 세균성질환에 효과를 얻을 수 있으며 더불어 구충제로서의 효능또한 높은 식물인것입니다. 
    다만, 설사를 자주하는 사람이나 눈병을 앓고있는 사람은 피하는것이 좋습니다. 

● 메밀 
    메밀은 피를 맑게하고 몸안의 독소를 밖으로 빼내주는 작용을 합니다. 
    특히 메밀가루를 생으로 먹으면 구충효과를 얻을 수 잇어 민간에서 옛부터 널리 이용되어 온 식물입니다. 
    메밀은 체기와 변비치료에도 좋은 효능을 가지고 있으며 작은 종기를 없애주는 효과도 가지고 있습니다. 

● 호박씨 
    호박씨는 고혈압과 성인병증상에 좋은 효과를 내는 식물이지만, 
    구충작용을 해 몸안의 기생충을 없애주는 효과 또한 가지고 있는 식물입니다. 
    호박씨를 진하게 달여서 이 즙을 먹으면 구충효과를 얻을 수 있으며, 
    호박씨를 가루로 내서 물에 타먹는것도 한가지 방법이라 할것입니다. 




7. 기억력장애(건망증) 

현대생활의 반복되는 바쁜 틀속에서 기억력장애를 쉽게 느낄 수 있습니다. 
흔히 건망증이라 불르는 이러한 현상은 특별한 원인과 치료가 없다 할수 있습니다. 
나이가 들수록 생활의 나태함에서 비롯된다 추측할 수 있을 정도이지만, 
뇌세포가 가장 왕성하게 움직일 수 있도록 무의식중인 새벽시간때(자정~4시까지)에 충분히 휴식을 취함으로서 
어느정도 건망증을 예방하고 치료할수 있다고 볼수 있습니다. 

뇌에 충분히 산소를 공급할수있도록 적당한 운동과 영양을 공급해 주는게 무엇보다 중요하다 할수 있습니다. 

● 고등어(등푸른 생선) 
    고등어에는 DHA 와 EPA성분이 풍부합니다. 
    뇌의 기능을 크게 개선해주는 성분이며 건망증과 장차 치매예방에도 그 효과가 우수한 식품이라 할 수 있습니다. 

● 녹차 
    녹차에는 비타민 C 외에 카페인, 타닌등의 성분이 들어있어 대뇌의 중추신경을 자극하여 졸림을 없애며 
    신경과 근육작용을 활성하게 합니다. 
    따라서 몸이 나른하거나 졸음이 심할때 녹차를 마신다면 머리가 맑아지며 몸이 개운해 지게 되는 것입니다. 

● 인삼 
    인삼은 중추신경계에 신경형성을 도우며 기억력을 크게 증진시키는 약으로 넓리 알려져 있습니다. 
    수험생은 물론이며 갱년기이후 인삼으로 죽을 쑤어 먹는다면 
    기력에도 좋으며 기억력증진에도 큰 효과를 볼수 있는것으로 잘 알려진 식품입니다. 

● 참깨 
    참깨는 몸을 가뿐하게 만들며 오장이 윤택해지는것으로 잘 알려진 식물입니다. 
    참깨는 머리가 맑아지고 좋아지는 식물로 옛부터 잘 알려진 음식이라 할 수 있습니다. 

● 초콜릿 
    초콜릿에는 페닐에칠아민이라는 성분이 있어서 뇌의 에너지원이 되는 탄수화물의 소화속도를 높여줍니다. 
    그래서 사탕이나 초콜릿을 먹으면 정신을 안정시킬 수가 있으며 집중력을 높일 수 가 있는 것입니다. 
    초콜릿의 주 재료라 할수있는 카카오역시 두뇌회전을 높이는데 도움을 주는성분으로 잘 알려져 있습니다. 




8. 뇌경색(뇌출혈) 

나이가 들어 몸이 노쇠할경우 흔히 중풍이라 하여 한쪽 수족을 추수리지 못할 경우가 있습니다. 
무엇보다 몸의 모세혈관이 터져 피의 흐름이 막힘으로인해 나타나는 증상이며, 회복이 매우 힘들만치 치료가 어려운 증상입니다. 
뇌졸증에 걸리면 몸의 신경이 막혀 몸의 감각이 없어지며 행동장애, 언어장애, 어지럼증, 치매의 증세로 나타나게 되기 쉽습니다. 
최근들어 산업의 발달에 따른 정신적 스트레스를 받기 쉬운 현대인들에게 많이 발생하는 병이며, 
점차 나이가 젊은층으로 내려오는 추세라 할 수있는 병입니다. 

● 메밀 
    메밀속에는 루틴이라는 성분이 있어 몸속의 가는 모세혈관을 강화시켜 뇌출혈을 예방하는데 도움을 줍니다. 
    특히, 겉껍질은 이뇨작용을 원활히 도와 대소변을 쉽게 눌수있게 도우며, 노폐물을 몸밖으로 빼내주는 작용도 합니다. 

● 은행잎 
    은행잎은 말초동맥등 모세혈관의 관을 확작시켜줍니다. 
    따라서 혈액순환을 크게 개선시켜주며 산소와 영양공급을 증가시켜 뇌졸증을 예방해주는 기능이 우수합니다. 
    머리에서 발끝에 이르기 까지 크고작은 혈관의 소통을 통하게 하기때문에 
    뇌졸증은 물론이며 노인성 치매예방및 치료에 높은 효과를 주는 식물입니다. 
    은행잎을 섭치하는 방법은 새순이 돗는 봄에 깨끗한 산에서 자란 은행잎을 따서 차로 끓여목는 방식이 한 예라 할수있습니다. 

● 잣나무 
    잣나무는 흔히 風(풍)을 다스리는 나무로 잘 알려져 있으며, 먹는것이 아닌 베개로 그 쓰임을 갖습니다. 
    동의보감에 에도 그 효능이 크게 거론되는 나무인데, 
    석달을 사용하면 안색이 고와지며, 1년을 쓰면 전신의 온갖질병이 제거된다고 합니다. 
    중풍예방및 치료효과를 얻을수 있기에 잣나무로 목침을 만들어 사용하거나, 
    나무의 톱밥으로 베게를 만들어 사용하는방식을 택할 수 있습니다. 

● 호박 
    호박은 비타민A가 매우 풍부하며 비타민B₁, 비타민B₂, 비타민D, 칼슘, 철분, 인 등이 들어있습니다. 
    호박에 들어있는 영양소는 성인병치료와 예방, 중풍예방에 매우 좋은 성분입니다. 
    호박외에도 푸른채소의 생즙을 마신다면, 장운동을 활발히 도와 배설을 촉진시키며 
    몸안에 독성을 빼주는 작용을 하기때문에 동맥경화, 고혈압등의 예방과 치료에 매우 좋습니다. 
    채소즙이나, 과일즙은 공기와 접촉이 되면서 산화작용이 일어납니다. 
    그렇기 때문에 그때그때 생즙을 바로 만든후에 먹는 식습관이 중요합니다. 




9. 당뇨 

당뇨는 성인병이라 하기에 그 증세가 매우 위험한 병증입니다. 
당뇨는 혈당을 조절해주는 인슐린호르몬이 채내에 부족해져서 혈당이 높아지고 
소변을 통해 당이 쉽게 몸밖으로 배출이되는 질환입니다. 

당뇨의 증상은 과식을 해도 배고픔을 느끼기 쉬우며 때대로 저 식욕증과 저 체중증상을 보이기도 합니다. 
또한 소변을 필요이상으로 자주, 많이 보게 되는 것이 하나의 특징입니다. 
당뇨병에 걸리면 무엇보다 합병증을 조심해야 합니다. 
몸의 기능이 재대로 돌아가지 않는상태에서의 합병증이 무서운 만큼 철저한 자기 몸관리가 필요한것이 당뇨라 할 수 있습니다. 

● 냉이 
    냉이는 봄철의 떨어진 식욕을 채워주는 건강식입니다. 
    비타민, 칼슘, 철분등 풍부한 무기질을 갖고있는 건강식품이라 할 수 있습니다. 
    풍부한 영양소와 더불어 콜린과 아세콜린이 많아 당뇨나 고혈압, 위장질환, 부인과질환에 매우 좋은 효과를 얻을 수 있습니다. 

● 두릅 
    두릅은 혈당강화효과가 뛰어난 식물입니다. 
    두릅은 나물자체로 무쳐먹는것도 매우 좋으며 나무줄기와 뿌리를 달여서 차로 우려내 마시는것또한 
    매우 좋은 방법이라 할수 있습니다. 
    한방에서는 두릅의 껍질을 말려 홍목이라는 약재로 씁니다. 
    두룹의 새순 뿐아니라 나무자체의 영양소를 흡수하는 것이 좋기 때문에 차로 달여 마시는방법을 흔히 사용하곤 합니다. 

● 호박 
    호박은 이뇨작용과 해독작용에 매우 좋은 효능을 갖고 있습니다. 
    더우기 인슐린분비를 돕기 때문에 당뇨로 고생을 하는 사람에게 더욱 좋은 식물이라 할수있습니다. 
    또한 호박은 부기를 빼주는 효과가 크게 때문에 산후식품으로 특히 각광을 받는 식물이기도 합니다. 




10. 두통(편두통) 

두통은 일상에서 흔히 접하는 병이라 할 수 있습니다. 
흔히 과도한 스트레스로 인해 두통이 생기는 것이지만 
감기라든가 몸살, 치통, 생리통 등과 병행하여 증세가 나오기 때문에 
적당한 운동과 식생활개선으로 어느정도 두통을 예방하고 막아낼수 있는 것입니다. 

● 국화잎(들국화) 
    들국화잎은 저혈압으로인한 두통치료에 효과가 좋습니다. 
    특히 저혈압증세가 있는 사람이라면 국화잎을 차로 만들어 흐리게 마시는것으로 그 효과를 크게 얻을 수 있습니다. 

● 두릅 
    두릅에는 신경을 안정시키는 성분이 있어 불안감과 초조감을 해소해주고 혈당을 낮추어 주기까지 합니다. 
    때문에 당뇨로 고생을 하는 사람에게 더불어 만성두통에 시달리는 사람에게 좋은 효과를 얻을 수 있는 식물입니다. 

● 생강 
    생강은 땀을 내고 몸의 열을 떨어뜨리며 몸안을 구석구석 따뜻하게 해줍니다. 
    때문에 감기와 같은 두통의 초기증세나 편두통이 있는 사람이라면 차로 만들어 마시면 그 효과를 크게 얻을 수 있습니다. 
    그러나, 생강은 자극이 매우 강하기 때문에 치질이나 종기가 쉽게 생기는 사람은 가급적 피하는게 좋습니다. 

● 천마 
    천마는 자양강장제로 많이 쓰이는 식물입니다. 
    천마는 특히 어지럼증이 동반되는 두통과 심한 편두통에 그 효능을 크게 볼 수 있는 약재입니다. 
    구토증세에 어지럼증이 동반되는 사람에게도 크게 권할 수 있는 식물입니다. 




11. 무좀(만성) 

무좀은 특히 남자들에게 많이 발생합니다. 
특성상 군대를 다녀와서 생기는 무좀이 떨어지지 않아 계속해서 악취와 가려움을 동반하게 되는 경우가 있습니다. 
무좀은 손과 발 또는 피부의 어느 곳에도 생길 수 가 있습니다. 
백선균이라는 진균류 곰팡이가 무존의 원인인 것이며 
습한 상태에서 무좀균이 번식되기 쉽게 때문에 청결관리에 힘을 써야 무좀을 완치할 수 있는 것입니다. 
무좀이 있다면 와치때까지 양말과 수건을 따로 사용하는것이 좋습니다. 

● 녹각 
    사슴의 뿔인 녹용에는 작고 미세한 털이 많이 나아 있습니다. 
    이 녹용의 털을 불에 그을려서 가루로 만들어 
    피부보호용 연고(바세린 / 글리세린)와 함께 환부에 바르면 무좀을 완치할 수 있습니다. 

● 녹차잎 
    녹차를 잘게 가루내어 환부에 바르면 악취제거는 물론이며 서서히 증세가 호전됩니다. 
    또한 녹차가루를 환부에 바른후 거즈나 붕대로 감싸고 
    이를 하루에 두 세번씩 환부가 습해지면 교체해 주는 방식또한 좋은 방법입니다. 

● 알로에 
    알로에는 항균작용및 항진균작용이 뛰어난 식물입니다. 
    알로에 잎을 자르면 끈적끈적한 젤성분의 물질이 나옵니다. 
    이 부분을 환부에 바르면 무좀으로 인한 가려움증과 피부갈라짐을 막을 수 있습니다. 
    알로에는 피부보습효과가 매우 뛰어난 식물입니다. 
    무좀외에 거친 피부를 곱게 만들어주는 작용으로 미용에 매우 많이 쓰이는 식물입니다. 




12. 방광염 

방광염은 대부분 방광 내에 세균이 침투하여 염증이 생기는 현상인데, 
수면부족 또는 영양부족등으로 몸의 저항력과 면역력이 떨어졌을때 걸리기 쉽습니다. 
방광염은 주로 남성보다는 여성에게 쉽게 찾아오는 질환인데, 
요도가 짧고 월경, 냉 대하등으로 더욱 세균침투가 쉽기 때문이라 할수 있습니다. 

방광염이 의심된다면, 자극성있는 음식을 피하며 수분섭취를 늘리는것이 좋습니다. 
또한 몸을 조이는 옷은 피하고 아랫배를 따뜻하게 해 주는것이 좋습니다. 

● 보리 
    보리는 이뇨작용이 뛰어난 식물입니다. 
    또한 소염작용을 하기때문에 보리차를 끊여 마시는것이 좋으며, 
    보리와 생강을 함께하여 차로 달여 마시는것도 한가지 방편이라 할 수 있습니다. 

● 양상추 
    양상추는 열을 식히는 식물이며 이뇨작용을 크게 돕는 식물입니다. 
    양상추를 셀러드로 만들어 먹는것도 좋으며, 생즙을 짜서 공복에 마시는것또한 매우 좋은 식단이라 할것입니다. 

● 연근 
    연근은 소염작용및 진통작용이 있는 식물입니다. 
    연은을 즙으로 만들어 소량씩 마신다면 방광염으로 인한 통증을 크게 완화시킬 수 있습니다. 

● 참마 
    방광염은 크게 두가지로 나뉩니다. 
    방광부위가 붓고 소변시 통증이 동반되는 실증과 
    방광부위를 눌렀을때 통증없이 자주 빈번하게 오줌을 눗게되는 허증으로 나뉩니다. 
    참마는 방광염 중에서도 허증치료에 매우 좋은 식물입니다. 
    참마를 쌀과함께 죽으로 써서 먹어도 좋으며, 생즙을 짜내서 소량씩 먹는것도 한가지 방편이라 할수 있습니다. 




13. 변비(만성) 

변비의 증상은 대체로 대장의 연동운동이 활발히 이뤄지지 못하여 
섭취한 음식물찌꺼지가 정체되어 장에서 쉽게 떨어져 몸밖으로 나가지 못하는 것입니다. 
보통은 불규칙적인 식사가 동반되기도 한것이 원인이지만, 장내 수분부족 또한 그 원인이 되는 것입니다. 
또한, 스트레스와 직업적인 특성(장기적인 고정자세)에서 일어나기 쉬우며 여성의 경우 임신으로인한 복부압박이 변비의 원인이 되기도 합니다. 

변비를 고치는 방법은 최우선이 운동입니다. 
장을 움직이는 걷기운동등이 좋으며, 
누워있거나 앉아만 있는 습관이 있다면 이를 움직임으로 장을 원활히 움직이게 하는것으로 만성변비를 고쳐야 할것입니다. 
변비약은 괄약근에 무리를 주기 쉬우므로 가급적 약물치료는 피하는게 좋습니다. 

● 고구마 
    고구마는 섬유질이 풍부합니다. 또한 세라핀이라는 성분이 대장을 부드럽게 해주며 숙변을 밀어내는 역활가지 합니다. 
    특히, 겉껍질에 세라핀과 섬유소가 많아 껍질째 먹는것이 좋습니다. 

● 바나나 
    바나나에는 전분질이 많이 함유되어 있습니다. 
    열을 내리고 장을 부드럽게 감싸주는 열매로서 열로인해 침이 마르거나 장이 건조해져 변비증세가 나는 사람에게 
    특히 좋은 열매입니다. 
    주로 아침공복에 쥬스로 만들어 먹으면 위에 무리가 없기 때문에 소화가 안되는 사람에게 더욱 좋습니다. 

● 사과 
    사과에는 펙틴이라는 식물성 섬유질이 풍부합니다. 때문에 장을 건강하고 튼튼하게 만들어주는 효과가 큰 과일입니다. 
    펙틴은 속보다는 껍질부위에 많기 때문에 껍질째 먹는것이 좋으며 변비와 설사때문에 고생하는 모두에게 매우 좋은 과일입니다. 

● 우엉 
    우엉역시 식이섬유가 풍부해 대장의 연동운동을 돕는 식물입니다. 
    우엉은 특히 소화효소가 많고 수분흡수가 좋아 고기류와도 잘 어울리는 식물입니다. 




14. 불면증 

불면증은 시경이 예민하고 쇠약한 사람에게 더 잘 생깁니다. 
과도한 스트레스가 주된 원인이라 할 수 있으며 잠을 자야할 시간에 잠을 못자고, 설사 잠이들어도 숙면을 취하지 못하여 
다음날까지 신경의 안정을 취하지 못해서 심적으로 불안해지게 되는것입니다. 
불면증이 심하면 직장인은 업무능력이 떨어지며, 학생은 집중력을 잃게 됩니다. 
심리적인 치료로 원인을 푸는 해결책을 찾는것이 가장좋겠지만, 
숙면을 취할 수 있는데 도움이 되는 음식을 통해 불면증을 해결할 수 있다면 이 또한 좋을 것입니다. 

● 달래 
    봄철에 입맛이 없거나 몸이 개운하지못해 나른할때 달래를 먹으면 활기를 얻을 수 있어 좋습니다. 
    더우기 달래는 빈혈에도 좋으며 정신을 안정시키며 불면증 치료에도 매우 탁월한것으로 잘 알려진 식물입니다. 
    달래는 채로 무쳐서 먹어도 좋으며, 즙으로 짜내서 마셔도 그 효과를 크게 얻을 수 있습니다. 
    신경안정효과와 더불어 숙면을 취할 수 있게 크게 도와주는 식물입니다. 

● 대추차 
    대추차에는 비타민 C 가 풍부하고 칼슘, 인, 철분등 각종미네랄이 풍부해서 몸에 기력을 실어주는 좋은 열매입니다. 
    불면증분아니라 원기회복 피로해소에 좋은 식품이며, 
    대추차를 자주마신다면 깊은 잠(숙면)을 자게 하는데 많은 도움이 됩니다. 

● 호두 
    호두와 같은 건과류는 기억력증진에도 좋지만, 불면증치료에도 좋은 식품입니다. 
    호두는 특히 사람의 뇌를 닮았다하여 수험생들에게 은근히 널리 이용되는 건강식이기도 합니다. 
    호두를 죽으로 써서 간식으로, 새참으로 먹는다면 채력도 증진되고 기억력도 좋아지며, 
    더불어 숙면을 취할수 있어 불면증 치료에도 좋은 식단이 될것입니다. 




15. 불임 

여성에게있어 결혼을 해도 아이가 생기지 않는다면 이 보다 더 큰 어려움은 없을 것입니다. 
불임의 원인은 매우 다양합니다. 

남성이 불임의 원인이 될수도 있으며 여성이 원인이 될수도 있습니다. 
불임클리닉을 찾아가 전문의의 상담을 통해 불임의 원인과 해결책을 찾는 것이 제일 좋은 방법임은 분명합니다. 
여기서는 특정이상이 아닌 가정하에 불임에 좋은 음식을 소개합니다. 

● 복분자 
    자궁의 크기가 작아서 자궁기능이 좋지 못한 상태라면 복분자를 통해 몸을 건강하게 만들 수가 있습니다. 
    복분자는 자궁발육부전에 매우 좋은 효능을 주는 식물로 끊는물에 차로 달여 마시면 좋습니다. 
    복분자 차를 마시며 자궁맛사지나 숙찜질을 병행하는것도 좋은 방법이 될것입니다. 

● 숙지황 
    숙지황은 남성의 불임치료에 널리 사용되는 식물입니다. 
    정자수가 부족하거나, 정자의 활동성이 떨어지는 경우 숙지황을 달여 먹으며, 
    더불어 토사자를 함께 넣어 달여먹으면 보다 좋은 효과를 얻게 됩니다. 

● 율무 
    율무는 단백질과 철분등 몸에 좋은 건강식으로 이미 많이 선호되는 식물입니다. 
    보통의 방식으로 율무차로 마시는 것도 좋으며, 쌀과 혼용하여 잡곡으로 먹기도 합니다. 
    율무는 찬 성질의 곡식입니다. 
    때문에 율무와 더불어 당귀와 샤프란을 함께 달여 먹는 방식이 더 좋습니다. 
    또한, 이미 임신을 한 임산부라면 몸의 열을 빼주기 때문에 가급적 율무는 피하는것이 좋습니다. 

● 음양곽 
    음양곽을 한방에서는 삼지구엽초, 기장초 라고 불릅니다. 
    음양곽에는 에티피딘이라는 성분과 아카리인, 비타민 E 등이 풍부합니다. 
    남성의 성기능을 강화시키는 식물이며 동시에 불임치료에도 넓리 쓰이는 식물입니다. 
    음양곽을 흐리게 달여먹는 방식은 오래된 불임치료의 방법입니다. 

● 익모초 
    익모초는 월경불순에 특히 좋은 식물입니다. 
    자궁의 수축력과 근육움직임을 증가시켜 월경불순, 냉 대하, 불임의 치료에 넓리 쓰이는 식물입니다. 
    익모초는 보통 차로 달여서 마시는 경우가 일반적입니다. 
    때에 따라서는 생즙을 짜서 조금씩 먹기도 합니다. 




16. 빈혈 

빈혈은 몸속의 철분이 부족하여 나타나는 병증입니다. 
철분은 평균적으로 사람이 음식물로 섭취한 양의 1할정도밖에 흡수가 되지 않습니다. 
그렇기 대문에 누구나 쉽게 빈혈에 걸릴 수 있는 것이며, 

때때로 여성들의 심한 다이어트로인한 영양소의 결핍으로 걸릴수도 있는 질환인것입니다. 
빈혈이 있으면 몸이 나른하고 머리가 무거우며, 어지럼증이 동반되는 증세를 보이곤 합니다. 
빈혈증세가 있다면, 심한 운동을 자제하고 과로로인한 피로를 풀어주어야 하며 몸을 다뜻하게하며 휴식을 취해야 합니다. 

● 아몬드 
    아몬드는 단백질과 지방질이 매우 풍부한 열매입니다. 
    철분과 칼슘이 많아 빈혈기를 치료하는데도 좋으며 스트레스가 많은 사람에게도 좋은 효과를 주는 건강식입니다. 
    특히 땅콩, 호두와 같은 견과류에는 비타민 E 가 풍부해 빈혈예방은 물론이며 
    노화방지에도 그 효과가 좋은 것으로 널리 알려져 있습니다. 
    견과류는 구워져있는 것을 직접먹어도 좋으며, 죽을 써서 밥과함께 섭취하는 것도 매우 좋습니다. 

● 장어 
    장어나 고등어와 같은 등푸른 생선에는 철분이 풍부하고 불포화지방산과 비타민 A가 많이 함유되어 있습니다. 
    특히 장어는 보양식으로 넓리 알려져있는 만큼 영양보충은 물론이며 빈혈치료에 탁월함이 있는 식품입니다. 

● 포도 
    포도에는 포도당과 과당이 풍부하고 비타만, 칼슘, 인, 철분등의 미네랄이 풍부합니다. 
    포도를 많이 먹으면 혈류 즉, 혈액의 흐름이 좋아져 몸에 활력이 생기며 어지럼증 또한 사라지게 됨니다. 
    철분함량을 높이는 방법을 찾는다면, 
    햇빛에 잘 건조한 건포도를 섭취하는 것도 좋은 방편이라 할수 있습니다. 




17. 생리통 

여성들중에는 생리때만되면 온 몸이 힘들고 늘어지며 아픔을 호소하는 경우가 많습니다. 
생리통은 모든 여성이 격는 통증이라 할 수 있지만, 유독 사람의 체질에 따라 통증이 더한 경우가 있습니다. 
생리통은 몸이 차거나 월경분순인 사람에게 더 통증이 유발되기 쉬우며 
경우에 따라서는 자궁및 골반이상, 더 나아가 불임으로 이어지는 경우도 발생할수 있습니다. 

그렇기 때문에 타인에 비해 비 정상적으로 생리통을 격고있다면 관련의사의 진료를 받는것이 중요하며 
적절한 음식을 통해 통증을 와화하고 치료하는 방법 또한 생각할 수 있는 것입니다. 

● 미나리 
    미나리는 보통 고혈압, 당뇨, 동맥경화에 좋은 효과를 주는 식물로 알려져 있습니다. 
    피를 자정시키며 혈액순환을 돕기 때문에 여성의 생리통에도 좋은 효과를 주는 식물인 것입니다. 
    미나리는 채로 무쳐서 먹어도 좋으며, 끊는 물에 달여서 그 즙을 마시는 방법또한 매우 좋은 복용법이라 할수 있습니다. 
    미나리는 허리아래의 통증완화에 효과가 좋은 식물입니다. 

● 부추 
    부추는 강정 및 강장 효과가 높은 식물입니다. 
    혈액순환을 크게 도와 몸안의 노패물을 밖으로 밀어내는 효과가 있는 식물입니다. 
    부추역시 채로 무쳐서 먹으면 좋으며, 
    때에 따라서는 즙을 자서 먹는방법, 죽을 써서 미음으로 먹는 방법 모두 좋은 식단이 될것입니다. 

● 쑥 
    쑥에는 철분, 인, 칼슘등 풍부한 미네랄이 들어있습니다. 
    여성에게 특히 좋은 건강식이며 몸을 따뜻하게 만들어 주는 효과 까지 있는 식물입니다. 
    즙을 짜서 마셔도 좋으며, 떡을 해서 먹어도 좋고 쌈을 해서 먹어도 좋습니다. 




18. 습진(주부습진) 

습진은 손과 발등 습한물질이 피부와 접촉하여 생기는 피부염을 말합니다. 
피부를 보호하는 지방막이 없어져서 피부의 각질이 파손되어 습진이 생기는 것입니다. 
특히 설걷이, 발레, 청소등 화학세제를 많이 사용하는 주부들에게 나기 쉬우며 
손이나 손가락사이에 작은 붉으스레한 습진이 나타나기 쉽습니다. 
습진은 가려움증을 동반합니다. 때문에 시간이 경과하면 물집이 생기며 피부가 하얏게 갈라지게 됩니다. 

습진을 예방하려면 가급적 피부가 습해지는 것을 막아야 합니다. 
물을 만지는 일(청소와 설걷이)을 하더라도 고무장갑 안에 면장갑을 끼고 일을하는 방식을 취해서 
피부가 습하거나, 또는 건조하게 되는 것을 막아야 합니다. 
피부호보제를 바르는것도 하나의 방법이 될수 있지만, 알레르기가 있는 경우는 천연식물만인 자연처방을 쓰는것이 좋습니다. 

● 가지 꼭지 
    가지는 피부의 파손된 각질을 제거하고 피부가 세균으로부터 오염되는 것을 방지해주는 작용을 합니다. 
    가지를 구워 가루로 만들어 습진이 있는 부위에 고루 발라주기도 하며, 
    가지 꼭지부위를 그대로 잘라서 습진부위를 살살 문지르기도 합니다. 

● 들기름 
    들깨에는 리놀산이라는 성분이있어 피부미용에 좋습니다. 
    습진이 생긴 부위를 들기름으로 살작 바르는식으로 찜질을 한다면 가려움이 심한경우에 특히 좋습니다. 
    가려움이 동반되는 습진에 들기름을 이용한 짬잘을 가볍게 하는것은 민간에 잘 알려진 방식입니다. 

● 쌀겨 
    쌀겨에는 리놀산과 비타민이 풍부해 피부에 특히 좋습니다. 
    전통적으로 민간에서는 쌀겨를 곱게 빠서 참기름을 섞어 습진이 생긴 부위에 바르며 피부를 보호해 왔습니다. 
    또한 쌀겨만으로 불에구워 기름을 짜내서 쌀겨기름을 피부에 바르기도 합니다. 

● 쑥 
    쑥은 한방에서 널리 쓰이는 재료로서 지혈작용과 청혈작용을 하는 식물입니다. 
    쑥을 삶은 뒤 그 물에 손을 담그는 식으로 찜질을 하면 좋으며, 
    쑥과함께 수양버들잎을 같이 삶아 이를 찜질로 이용하는것도 습진에 매우 좋은 방법입니다. 




19. 저혈압 

저혈압은 혈관을 통과하는 피의 강약을 구분하면서 이 수치를 비교하여 고혈압과 저혈압으로 나눈것이 시작이라 할수 있습니다. 
저혈압이란 보통 혈압이 정상치보다 낮은 100 mmHg 이하를 가리킵니다. 
고혈압과 마찮가지로 증세는 유전에서 나올 수 도 있으나, 후천적으로 무리한 운동과 다이어트가 원인이 되기도 합니다. 
저혈압이 심하면 무기력증과 불면증을 동반하며 현기증, 두통, 구역질과 혼미, 실신에 이르기까지 증세가 나오기도 합니다. 

저혈압증세가 있다면, 고단백, 고 칼로리식을 우선으로 하며 꾸준한 가벼운 운동을 생활화 하는 것이 매우 중요합니다. 

● 미나리 
    미나리는 정신을 맑게하며 피를 맑게하는 것으로 잘 알려진 식물입니다. 
    철분함량도 높은 식물로서 무쳐먹는것도 좋으며, 뜨거운 물에 달여서 차로마시듯 자주마시는 방법도한 좋습니다. 

● 식초(감식초 / 사과식초) 
    식초는 피를 돌봐주는 작용을 한다고 말합니다. 
    그만큼 혈중 산소가 헤모글로빈과 결합하는것을 도와 원활한 산소의 공급에 도움을 주는 식품인 것입니다. 
    식초는 또한 스트레스와 피로감을 없애주는데에도 효과가 좋아 
    소량식 연하게 차로만들어 마신다면 더욱 좋은 효과를 볼 수 있습니다. 

● 참깨 
    참깨에는 불포화지방산이 많으며 단백질과 미네랄이 풍부해서 나른하고 피곤한 몸에도 좋은 기력을 실어주는 식물입니다. 
    특히 일에지쳐 심한 스트레스를 받는 사람이라면 피로회복에 더욱 좋은 효과를 얻을수 있습니다. 




20. 치질 

사람의 음식물섭취에 따른 필요조건으로 대변과 소변의 중요성은 이루 말할 수 없습니다. 
특히 항문에는 많은 미세혈관이 있으며, 이 미세혈관이 압력을 잘못받아 혈관이 파열되거나 막혀 혹이 생기는 것이며 
이러한 혹이 돌출되어 출혈이 동반되는 것이 치핵이며, 
항문조직주변이 찟어지는것이 치열, 고름이 생기는것이 농양이라 불립니다. 
농양이 피부를 뚫고 나오면 고름이 생기며 이를 치루라 불리며 매우큰 통증이 유발됩니다. 

흔히 이같은 항문질환을 치질이라 통칭하기도 하는데, 치질은 치핵을 말하는 것이며, 
치질이 심해지면 변을 볼대 매우 힘들며 앉아있기도 거북해집니다. 
치질은 올바른 식습관과 규칙적인 대변습관이 무엇보다 중요한 질환입니다. 
식후 규칙적으로 대변을 보고 변비에 걸리지 않도록 식생활에 유의하는것이 으뜸이라 할것입니다. 

● 달팽이 
    변비의 증세가 호전되지 않고 길게 이어질때 치질로 연결되기 쉽습니다. 
    더우기 대변시 힘을 많이 주게되면 직장이 항문밖으로 튀어나오기 쉽습니다. 
    이를 흔히 탈항이라 부릅니다. 
    직장이 항문밖으로 튀어나오는 증세가 있다면, 달팽이를 구워 환부에 바르면 빠른 효과를 얻을 수 있습니다. 
    한방에서는 달팽이를 이용하여 치질이나 소변이 잘 나오게 이용하는 약재로 사용하곤 합니다. 
    달팽이를 불에 구워 연고를 바르듯이 환부에 바르면 되며, 
    달팽이를 조려서 나오는 액기스를 환부에 바르는 방법또한 좋은 치질치료라 할 수 있습니다. 

● 모란꽃 
    모란꽃은 민간에서 넓리 알려진 치질치료에 탁월한 식물입니다. 
    깨끗히 씻은 모란꽃을 가루를 내어 잘 말려두었다가 좌욕을 할때 물에 풀어준다면 치질을 상당부분 낳게할 수 있습니다. 
    모란꽃에는 노란색과 붉은 색의 꽃잎이 있습니다. 
    이중 붉은색 꽃잎을 치질치료에 사용한다면 더 좋은 효과를 얻을 수 있습니다. 

● 미역 
    변비와 치질예방에는 섬유질보충이 매우 좋은 방편이라 할수있습니다. 
    해조류에 특히 섬유질이 많기 때문에 미역과 다시마등을 많이 먹는것도 매우 좋은 예방법이라 할 수 있습니다. 
    특히 미역은 피를 맑게 해주며 혈관의 노패물을 제거해주는 효과까지 있는 건강식품입니다. 
    미역을 많이 먹는다면, 대장의 연동운동을 크게 돕기 때문에 변비에도 좋으며 치질치료에도 많은 도움을 얻을 수 있습니다. 
    변비와 치질이 있을대는 변이 딱딱하여 항문에 상처를 입히고 이때 출혈이 생기기 쉽습니다. 

● 쑥찜질 
    변비와 치질이 있을대는 변이 딱딱하여 항문에 상처를 입히고 이때 출혈이 생기기 쉽습니다. 
    이때 출혈을 멎게 하는데 쑥찜질이 매우 좋습니다. 
    쑥은 복통과 토사에 주로 이용되는 식물이기도 하지만, 지혈제로도 그 스임이 탁월한 식물입니다. 
    쑥을 증기와 더불어 항문을 마사지하는것도 좋으며, 
    곱게 갈아서 달인후에 환부에 바르는 당법또한 좋은 치료효과를 볼수 있습니다. 




21. 통풍 

통풍은 육류에서 주로나오는 단백질대사의 노폐물인 요산이 
뼈의 마다인 관절과 연골에 쌓여 관절이 붓고 염증이 동반되는 병입니다. 

특히 요산이 몸밖으로 잘 배출될 수 있게 하는것이 매우 중요합니다. 
이뇨작용을 통해 요산을 빼냄으로 증세가 쉽게 호전될 수 도 있으나, 
성인병과 같이 과음, 과식에 따른 비만이 주 원인이 되는 병증이기 때문에 체질개선이 반드시 필요하다 할수 있습니다. 

따라서 약물치료와 병행하여 식이요법과 음식물에 관한 섭취량의 조절이 매우 중요하며 
고단백질 식품인 동물의 내장, 또는 등푸른생선등을 삼가하고 
깨끗한 물을 많이 마셔서 몸안의 요산을 걸러내고 배출하게 하는것이 매우 중요합니다. 

통풀은 술과 육류를 동시에 섭취할때 급성으로 통증이 동반되는 발작이 일어날 수 있습니다. 
식생활개선의 중요성이 매우 큰 병증인 것입니다. 

● 검은콩 
    검은콩은 통풍완화에 효과가 큽니다. 
    더우기 민간에서는 검은콩을 식초에 절여 절임음식으로 먹곤 했습니다. 
    햇볕에 잘말린 검은콩을 볶아 식초에 담가 꾸준히 하루 20여알식 먹는다면 통풍치료에 많은 이로움이 있습니다. 

● 두부 
    두부는 요산의 농도를 낯춰주는 식품입니다. 
    콩속의 함유된 단백질은 육류의 단백질과는 그 성질이 다릅니다. 
    콩에는 콜레스테롤의 수치를 내려주며, 더불어 요산의 수치도한 크게 내려주는 효과가 있습니다. 
    두부는 수분함량이 높기 때문에 소화가 잘되는 잇점까지 있습니다. 

● 치자 
    통풍으로인한 통증완화에는 치자열매가 매우 좋습니다. 
    치자는 한방에서 주로 쓰이는 약재라 할 수 있지만, 
    통풍치료에 특히 탁월함이 있기 때문에 치자를 구워 가루로내어 1~2g씩 물에 타 먹거나 
    소량을 묽게 갠다음 통증이 잇는 부위에 바르기도 합니다. 

● 팥 
    팥은 통증을 가라앉히며 몸의 부기를 배주는 효능이 좋은 식물입니다. 
    팥을 삶아서 죽으로 써서 먹는 방법이 좋으며 경우에 따라서는 치자와 섞어 죽을 써서 먹는 방법이 좋습니다. 
",6
